Promotion_ID,Promotion_Name,Orders,Units,Net_Revenue,Contribution
1,Campaign 1,868,2760,1490400.00,-303600.00
2,Campaign 2,8968,22600,14690000.00,-9040000.00
3,Campaign 3,8922,24605,23134605.20,8675476.95
4,Campaign 4,884,1265,654448.43,319691.48
5,Campaign 5,911,1276,1243475.35,478883.39
6,Campaign 6,809,1166,1443508.00,541315.50
7,Campaign 7,852,1255,1727303.93,647740.38
8,Campaign 8,912,1320,1160609.31,435229.71
9,Campaign 9,907,1321,1274577.17,553628.21
10,Campaign 10,855,1232,1558578.56,736341.76
11,Campaign 11,849,1260,1084972.56,406865.76
12,Campaign 12,959,1383,1308275.72,490604.63
13,Campaign 13,784,1138,1134960.86,425611.32
14,Campaign 14,818,1140,690099.52,315609.52
15,Campaign 15,855,1256,1845437.95,775778.11
16,Campaign 16,986,1382,1670824.73,626557.89
17,Campaign 17,879,1273,1211602.39,628148.30
18,Campaign 18,853,1242,1729879.66,865248.94
19,Campaign 19,818,1184,1046108.88,392292.24
20,Campaign 20,991,1441,1857993.47,696749.21
