Item_ID,Location_ID,Item_Name,Wastage_Quantity,Wastage_Cost,Stock_Quantity,Rating_Count
3,10,Wish Combo,2804,841200.0,100,269
3,2,Wish Combo,2750,825000.0,100,254
3,14,Wish Combo,2747,824100.0,100,261
3,15,Wish Combo,2702,810600.0,100,248
3,12,Wish Combo,2700,810000.0,100,263
3,13,Wish Combo,2683,804900.0,100,250
3,4,Wish Combo,2677,803100.0,100,257
3,20,Wish Combo,2663,798900.0,100,248
3,8,Wish Combo,2646,793800.0,100,241
3,19,Wish Combo,2646,793800.0,100,246
3,3,Wish Combo,2642,792600.0,100,236
3,17,Wish Combo,2642,792600.0,100,248
3,18,Wish Combo,2640,792000.0,100,232
3,11,Wish Combo,2625,787500.0,100,226
3,16,Wish Combo,2625,787500.0,100,248
3,5,Wish Combo,2616,784800.0,100,247
3,7,Wish Combo,2616,784800.0,100,271
3,9,Wish Combo,2561,768300.0,100,226
3,6,Wish Combo,2554,766200.0,100,221
3,1,Wish Combo,2461,738300.0,100,230
1,18,Evidence Classic,40,42000.0,100,405
1,7,Evidence Classic,39,40950.0,100,378
1,12,Evidence Classic,37,38850.0,100,368
1,17,Evidence Classic,36,37800.0,100,323
1,11,Evidence Classic,35,36750.0,100,326
1,4,Evidence Classic,34,35700.0,100,381
1,8,Evidence Classic,34,35700.0,100,389
1,20,Evidence Classic,33,34650.0,100,368
1,2,Evidence Classic,32,33600.0,100,367
1,15,Evidence Classic,32,33600.0,100,400
1,6,Evidence Classic,31,32550.0,100,331
1,16,Evidence Classic,30,31500.0,100,356
1,1,Evidence Classic,29,30450.0,100,342
1,5,Evidence Classic,29,30450.0,100,386
1,9,Evidence Classic,29,30450.0,100,349
1,13,Evidence Classic,27,28350.0,100,355
1,19,Evidence Classic,26,27300.0,100,343
1,14,Evidence Classic,24,25200.0,100,379
1,10,Evidence Classic,22,23100.0,100,339
10,2,Level Combo,35,22750.0,100,68
111,6,Decision Special,26,22584.38,100,27
1,3,Evidence Classic,20,21000.0,100,346
36,17,Recent Platter,23,20687.58,100,19
80,13,Specific Special,30,19701.6,100,26
5,1,Hundred Platter,29,19614.73,100,352
10,17,Level Combo,30,19500.0,100,78
111,2,Decision Special,22,19109.86,100,35
128,7,Hot Special,22,18989.52,100,28
31,20,Country Platter,25,18890.5,100,33
10,14,Level Combo,29,18850.0,100,77
10,16,Level Combo,29,18850.0,100,58
30,8,Member Combo,22,18736.08,100,41
30,13,Member Combo,22,18736.08,100,24
30,14,Member Combo,22,18736.08,100,33
88,2,Language Combo,21,18709.32,100,24
104,4,Hard Platter,24,18574.56,100,32
134,4,Unit Combo,21,18356.52,100,26
10,7,Level Combo,28,18200.0,100,61
10,8,Level Combo,28,18200.0,100,67
10,18,Level Combo,28,18200.0,100,71
31,17,Country Platter,24,18134.88,100,47
74,13,Southern Classic,21,18094.86,100,16
22,5,Plan Combo,21,18064.41,100,39
22,8,Plan Combo,21,18064.41,100,33
22,16,Plan Combo,21,18064.41,100,42
58,2,Effect Special,21,18034.59,100,31
58,14,Effect Special,21,18034.59,100,35
100,3,City Classic,23,17948.74,100,18
100,16,City Classic,23,17948.74,100,27
30,7,Member Combo,21,17884.44,100,35
30,10,Member Combo,21,17884.44,100,30
88,4,Language Combo,20,17818.4,100,19
88,13,Language Combo,20,17818.4,100,28
51,14,True Platter,20,17808.4,100,27
35,7,Pressure Classic,22,17728.92,100,25
66,13,Bag Deluxe,23,17536.12,100,31
134,9,Unit Combo,20,17482.4,100,26
145,4,Institution Platter,21,17457.51,100,26
39,2,Company Classic,20,17359.8,100,26
74,9,Southern Classic,20,17233.2,100,21
22,9,Plan Combo,20,17204.2,100,25
22,13,Plan Combo,20,17204.2,100,36
58,16,Effect Special,20,17175.8,100,30
44,14,Ability Classic,21,17172.12,100,24
36,6,Recent Platter,19,17089.74,100,29
79,7,Probably Deluxe,23,17004.36,100,18
88,6,Language Combo,19,16927.48,100,25
51,3,True Platter,19,16917.98,100,17
10,19,Level Combo,26,16900.0,100,65
87,6,Forget Special,20,16762.0,100,23
87,16,Forget Special,20,16762.0,100,31
63,9,This Platter,22,16677.76,100,34
48,15,Skin Platter,27,16628.49,100,31
31,2,Country Platter,22,16623.64,100,33
31,4,Country Platter,22,16623.64,100,28
31,16,Country Platter,22,16623.64,100,25
134,13,Unit Combo,19,16608.28,100,26
134,14,Unit Combo,19,16608.28,100,27
134,18,Unit Combo,19,16608.28,100,26
86,20,Others Combo,22,16567.76,100,34
