Location_ID,Location_Name,Orders,Net_Revenue,Cost,Contribution
1,"Rodriguez, Figueroa and Sanchez - Lahore",4792,77903271.55,38567376.55,39335895.00
2,"Miles, Barnes and Cole - Rawalpindi",4910,77073690.95,38865394.04,38208296.91
3,"Martinez, Nielsen and Miller - Faisalabad",4721,73991790.51,37097614.93,36894175.58
4,"Adams, Zuniga and Wong - Lahore",4820,75713965.17,38077173.51,37636791.66
5,Trujillo Group - Peshawar,4714,73940861.33,37258642.76,36682218.57
6,Burgess-Patterson - Karachi,4725,74274390.67,37446388.41,36828002.26
7,Frazier Inc - Faisalabad,4746,74998228.46,37815811.51,37182416.95
8,Ryan PLC - Karachi,4895,76939895.65,38755321.73,38184573.92
9,Miller Group - Peshawar,4696,73598271.06,37026874.89,36571396.17
10,"Hayes, Wright and Brown - Quetta",4909,76975565.14,38687481.92,38288083.22
11,"Anderson, Walls and Duncan - Karachi",4635,72547678.70,36573070.40,35974608.30
12,Taylor-White - Peshawar,4802,75541281.94,38044687.06,37496594.88
13,Martin Inc - Rawalpindi,4853,75982535.12,38261311.79,37721223.33
14,"Fitzgerald, Brown and Edwards - Faisalabad",5004,78613663.61,39630411.18,38983252.43
15,"Cunningham, Stewart and Green - Lahore",4795,75032683.41,37883792.65,37148890.76
16,Suarez LLC - Peshawar,4738,74534121.24,37508532.06,37025589.18
17,"Cooper, Watts and Farrell - Multan",4858,76479363.98,38380727.49,38098636.49
18,"Johnson, Wood and Tran - Rawalpindi",4805,75959349.90,38330337.54,37629012.36
19,Keith Inc - Quetta,4788,75014075.85,37761907.54,37252168.31
20,Murphy-Lin - Peshawar,4804,75724685.51,38065237.30,37659448.21
