Item_ID,Item_Name,Units,Net_Revenue,Contribution,Orders
1,Evidence Classic,125690,117780000.0,-14194500.0,60289
2,Much Special,154,184800.0,154000.0,115
3,Wish Combo,75609,64267650.0,41584950.0,42448
4,We Deluxe,5934,4347000.0,489900.0,3121
5,Hundred Platter,11370,17882508.6,10192181.7,6759
6,Particularly Combo,33870,35192800.0,23338300.0,20285
7,Property Special,31342,61697040.42,35243138.74,17088
8,Join Platter,21549,31547736.0,15773868.0,11619
9,Summer Classic,1442,768557.16,480676.28,1022
10,Level Combo,18991,12534060.0,189910.0,12840
11,Star Deluxe,75044,63787400.0,41274200.0,42328
12,Claim Special,24811,23376717.0,8796532.85,9071
13,West Special,3045,5657001.0,3474223.2,1472
14,Nothing Combo,25249,25249000.0,18936750.0,16725
15,Wide Platter,6229,6812532.72,3406266.36,4454
16,Later Deluxe,6220,6875961.2,3437980.6,4398
17,Until Deluxe,6483,3482926.92,1741463.46,4564
18,Door Deluxe,6425,6820266.0,3410133.0,4533
19,Again Classic,7578,4737002.4,2731636.26,5389
20,Tell Platter,7369,8665602.37,4250023.88,5248
21,Industry Platter,7315,10959085.5,5299104.25,5181
22,Plan Combo,7551,12559068.25,6063622.54,5325
23,Raise Combo,7562,8020941.83,3865395.97,5319
24,Control Special,7630,8883672.8,4719524.0,5376
25,Before Combo,7258,11087793.66,6243804.46,5171
26,Court Special,7478,7777779.04,3753269.0,5254
27,Service Special,7574,8628885.58,4150909.56,5392
28,Role Platter,7354,8884199.42,4300230.6,5157
29,Scientist Special,7392,5420925.4,2992653.4,5223
30,Member Combo,7563,13429000.29,6988046.97,5348
31,Country Platter,7405,10773023.25,5177657.15,5314
32,Trouble Platter,7358,8450987.74,5078595.6,5152
33,Attention Platter,7540,12694823.62,7445777.22,5270
34,Open Special,7495,8016103.5,3877289.55,5262
35,Pressure Classic,7623,11821646.51,5678575.73,5365
36,Recent Platter,6147,14121257.22,8592276.6,4375
37,Phone Combo,6359,6539977.14,3269988.57,4499
38,Recently Combo,6431,1950136.44,975068.22,4553
39,Company Classic,6290,15249538.9,9789881.8,4436
40,Expert Classic,6278,6438716.8,4099973.46,4454
41,Traditional Combo,6361,4900514.4,2450257.2,4518
42,Pay Classic,6458,7082359.44,3541179.72,4548
43,Fight Special,6468,2605181.04,1302590.52,4567
44,Ability Classic,6094,9966371.36,4983185.68,4318
45,Up Classic,6235,6299532.25,3403873.55,4452
46,While Special,6245,4495525.7,2602104.15,4451
47,Mr Deluxe,6255,8178662.7,4089331.35,4516
48,Skin Platter,6229,8226827.17,4390572.94,4442
49,Tend Deluxe,6166,6528684.12,3264342.06,4388
50,Might Classic,6470,5527321.0,2763660.5,4544
51,True Platter,6371,12939628.42,7266762.6,4558
52,Material Special,6182,10841929.78,6838837.5,4422
53,Black Deluxe,6168,3025157.28,1604790.24,4313
54,Price Deluxe,6451,8879285.42,4439642.71,4529
55,Turn Platter,6272,13358293.76,8158805.76,4495
56,Life Special,6345,2323158.3,1161579.15,4499
57,Child Classic,6210,7050461.4,4061091.6,4451
58,Effect Special,6317,12675629.03,7250652.6,4484
59,Coach Combo,6274,5701811.2,3023377.86,4470
60,Enough Platter,6489,7418679.03,4670652.42,4548
61,Themselves Classic,6246,4211677.8,2105838.9,4408
62,Few Special,6287,12037153.07,7560117.5,4456
63,This Platter,6219,12362003.82,7647504.3,4347
64,Sign Special,6195,6666873.15,4194200.85,4421
65,History Platter,6189,8367032.88,4183516.44,4386
66,Bag Deluxe,6209,9467979.92,4733989.96,4413
67,Onto Deluxe,6116,7889884.64,3944942.32,4432
68,Pull Combo,6098,4957125.18,2765869.86,4383
69,Than Deluxe,6299,2812377.52,1737138.22,4527
70,Central Classic,6382,11330092.24,5665046.12,4553
71,Bit Classic,6241,9234433.24,4617216.62,4363
72,Hold Combo,6261,7293313.68,3646656.84,4475
73,Against Special,6207,10918671.63,6233131.47,4419
74,Southern Classic,6256,14452924.0,9062379.04,4422
75,Success Classic,6313,4073210.73,2536184.62,4433
76,Admit Classic,6320,4988249.6,2494124.8,4523
77,High Special,6423,8333200.2,4166600.1,4526
78,Measure Deluxe,6216,7206830.4,4381285.44,4425
79,Probably Deluxe,6187,10108877.43,5534704.59,4438
80,Specific Special,6158,8358130.24,4314048.48,4357
81,House Platter,6196,8947519.68,4933193.24,4402
82,Hotel Platter,6114,3894373.44,1947186.72,4396
83,Reduce Platter,6339,8263837.35,5054084.7,4453
84,Box Combo,6061,7543763.04,3771881.52,4319
85,Positive Platter,6134,3727999.84,2128988.72,4374
86,Others Combo,6203,10949039.36,6277684.12,4382
87,Forget Special,6362,10663984.4,5331992.2,4482
88,Language Combo,6262,12235634.9,6656693.86,4432
89,Foot Classic,6148,10070669.92,5035334.96,4380
90,Speak Deluxe,6200,8828676.0,4440688.0,4381
91,No Combo,6241,5510553.36,3276400.18,4420
92,Will Deluxe,6244,2598877.68,1299438.84,4440
93,Building Special,6225,6911119.5,3455559.75,4431
94,Either Combo,6034,8203947.08,4101973.54,4327
95,Mrs Combo,6184,5711913.44,2855956.72,4396
96,Establish Classic,6312,8697872.88,4986038.16,4511
97,Majority Combo,6294,10788671.28,5394335.64,4506
98,Letter Special,6172,10815257.32,6488808.76,4354
99,Possible Deluxe,6328,6035393.28,3017696.64,4514
100,City Classic,6264,13097272.32,8208972.0,4472
101,Race Platter,6209,5937977.15,3171743.47,4421
102,Whose Platter,6143,3093246.22,1546623.11,4378
103,Resource Combo,6359,3926682.5,1963341.25,4488
104,Hard Platter,6363,9849160.44,4924580.22,4521
105,Strong Deluxe,6196,9620467.24,6184413.48,4377
106,Affect Platter,6216,10418948.4,5844469.68,4453
107,Story Special,6249,2065794.42,1032897.21,4459
108,Under Deluxe,6082,6969728.72,3484864.36,4314
109,Popular Platter,6096,8938625.76,5247863.52,4359
110,Daughter Deluxe,6462,2986348.68,1493174.34,4533
111,Decision Special,6217,10800545.42,5400272.71,4357
112,Explain Deluxe,6308,9751284.88,4875642.44,4466
113,Morning Platter,6052,9717030.68,5195157.84,4293
114,Certain Deluxe,6337,8189178.36,4094589.18,4470
115,List Deluxe,6354,9743859.0,4871929.5,4541
116,Kind Deluxe,6158,7046106.76,4111080.8,4403
117,Keep Combo,6036,6767804.64,3426093.96,4291
118,Movement Platter,6261,12574028.91,7635477.33,4444
119,Body Classic,6304,4197203.2,2098601.6,4454
120,Talk Combo,6282,6542451.72,3271225.86,4504
121,Analysis Classic,6122,4208997.44,2104498.72,4295
122,Statement Special,6108,6565733.52,3282866.76,4325
123,Six Combo,6296,10568654.48,6044222.96,4488
124,Bar Special,6366,2798366.28,1399183.14,4490
125,Road Deluxe,6273,5702847.03,3025718.82,4446
126,Public Combo,6129,6898679.82,3449339.91,4343
127,Audience Deluxe,6083,4678556.96,2714356.26,4333
128,Hot Special,6081,12257410.89,7008534.93,4336
129,Impact Classic,6207,4845370.41,2627174.82,4436
130,Consider Special,6231,2808810.18,1404405.09,4433
131,Seek Deluxe,6202,2092988.94,1096885.72,4393
132,Agree Special,6227,7036759.08,3518379.54,4404
133,Serve Combo,6315,2010696.0,1005348.0,4477
134,Unit Combo,6144,10741186.56,5370593.28,4376
135,Security Platter,6287,5664964.22,2832482.11,4479
136,Car Special,6431,7358736.06,3679368.03,4572
137,That Classic,6377,6466278.0,3519274.99,4575
138,Owner Deluxe,6314,7318178.56,4569820.64,4502
139,Long Classic,6028,5098723.52,2813870.4,4299
140,Charge Platter,6453,3947171.04,1973585.52,4537
141,Effort Combo,6295,7100634.1,3550317.05,4430
142,Teach Deluxe,6271,6301477.06,3150738.53,4432
143,Believe Deluxe,6328,7235688.32,4131677.76,4518
144,Many Classic,6315,10738657.5,5369328.75,4486
145,Institution Platter,6165,13017274.2,7892248.05,4366
146,South Classic,6170,5692627.1,3343646.4,4385
147,Decide Combo,6115,6133589.6,3066794.8,4334
148,Position Platter,6353,6611567.1,3305783.55,4470
149,Firm Special,6067,7314253.86,3657126.93,4334
150,Matter Deluxe,6226,2522463.9,1491687.34,4420
