Location_ID,Hour,Orders,Net_Revenue
1,0,87,1405657.33
1,1,112,1816100.64
1,2,112,1814608.08
1,3,83,1317352.31
1,4,95,1532174.44
1,5,97,1568342.90
1,6,66,1057406.19
1,7,105,1706691.76
1,8,95,1490586.24
1,9,85,1459315.34
1,10,96,1572453.93
1,11,95,1537932.75
1,12,735,11931434.84
1,13,709,11483891.56
1,14,88,1410832.98
1,15,88,1456768.89
1,16,95,1528926.03
1,17,99,1647041.40
1,18,106,1765720.51
1,19,724,11716215.85
1,20,750,12269822.87
1,21,95,1539523.18
1,22,86,1382425.81
1,23,89,1492045.72
2,0,91,1415169.36
2,1,95,1513011.27
2,2,88,1405007.42
2,3,76,1162496.16
2,4,99,1548245.02
2,5,87,1320575.18
2,6,110,1772589.19
2,7,101,1597080.84
2,8,97,1490176.36
2,9,85,1299157.49
2,10,95,1471701.95
2,11,86,1337773.45
2,12,736,11566147.48
2,13,723,11313612.41
2,14,82,1288352.33
2,15,93,1449986.03
2,16,105,1599993.86
2,17,92,1440057.70
2,18,108,1753070.36
2,19,790,12421751.63
2,20,772,12149182.20
2,21,111,1777813.25
2,22,91,1468955.97
2,23,97,1511784.04
3,0,84,1305013.73
3,1,99,1540680.64
3,2,100,1533280.35
3,3,87,1315821.17
3,4,88,1409713.19
3,5,84,1352757.20
3,6,96,1493544.33
3,7,90,1450405.17
3,8,97,1488050.91
3,9,96,1531513.73
3,10,102,1565802.73
3,11,99,1558005.91
3,12,718,11273109.39
3,13,697,10959365.61
3,14,78,1250418.13
3,15,89,1379986.73
3,16,98,1584944.23
3,17,92,1402030.73
3,18,95,1488649.88
3,19,738,11537073.13
3,20,696,10896270.81
3,21,93,1477484.74
3,22,106,1619112.11
3,23,99,1578755.96
4,0,93,1428790.84
4,1,103,1607824.35
4,2,102,1613734.31
4,3,92,1389580.70
4,4,100,1556981.25
4,5,95,1497835.10
4,6,74,1190041.37
4,7,99,1546412.65
4,8,88,1385936.01
4,9,107,1683593.28
4,10,95,1510931.87
4,11,72,1195092.73
4,12,779,12266607.61
4,13,728,11413807.48
4,14,88,1414225.40
4,15,111,1761154.88
4,16,95,1471814.77
4,17,93,1452626.41
4,18,81,1286532.95
4,19,726,11293859.52
4,20,718,11311321.95
4,21,89,1401920.20
4,22,99,1597939.63
4,23,93,1435399.91
5,0,101,1568755.99
5,1,85,1337806.62
5,2,109,1720644.37
5,3,88,1354208.76
5,4,97,1525413.68
5,5,89,1344171.63
5,6,79,1231204.71
5,7,124,1963984.35
5,8,94,1486386.93
5,9,95,1536465.98
5,10,83,1344550.47
5,11,100,1601695.93
5,12,723,11191009.41
5,13,698,10887443.55
5,14,100,1606864.78
5,15,95,1479581.33
5,16,88,1419217.51
5,17,95,1450550.24
5,18,87,1431649.15
5,19,722,11277919.17
5,20,680,10770741.63
5,21,98,1534166.65
5,22,94,1481705.99
5,23,90,1394722.50
6,0,75,1136375.21
6,1,88,1410432.59
6,2,89,1381256.73
6,3,96,1494451.42
6,4,77,1247178.18
6,5,83,1314843.48
6,6,101,1602439.00
6,7,89,1385754.62
6,8,85,1326260.12
6,9,101,1623807.19
6,10,103,1580816.23
6,11,87,1355209.75
6,12,746,11732190.78
6,13,749,11712606.89
6,14,100,1511056.57
6,15,102,1663796.42
6,16,84,1300040.29
6,17,93,1439110.84
6,18,99,1580377.72
6,19,702,11072874.83
6,20,699,11035550.98
6,21,88,1353849.33
6,22,86,1408073.46
6,23,103,1606038.04
7,0,101,1668275.56
7,1,104,1672921.05
7,2,86,1411207.02
7,3,102,1624672.56
7,4,92,1433477.40
7,5,117,1839406.38
7,6,91,1434889.26
7,7,106,1687255.09
7,8,92,1450487.65
7,9,96,1499358.37
7,10,103,1629398.69
7,11,84,1350011.53
7,12,686,10903244.20
7,13,731,11550855.48
7,14,79,1227544.52
7,15,102,1581686.70
7,16,89,1356158.96
7,17,87,1356697.21
7,18,81,1294755.10
7,19,750,11841012.47
7,20,712,11195336.85
7,21,82,1274051.22
7,22,92,1467651.73
7,23,81,1247873.46
8,0,90,1405142.17
8,1,98,1582456.56
8,2,101,1490028.58
8,3,82,1308305.83
8,4,80,1263576.19
8,5,96,1505906.74
8,6,107,1652474.43
8,7,78,1211345.92
8,8,95,1438665.36
8,9,93,1480978.64
8,10,99,1523967.82
8,11,96,1524391.75
8,12,759,11962306.89
8,13,739,11667991.40
8,14,89,1436403.70
8,15,114,1813659.41
8,16,101,1592952.77
8,17,111,1733737.73
8,18,96,1525637.52
8,19,768,12144302.53
8,20,705,11005753.27
8,21,92,1405049.16
8,22,104,1624614.86
8,23,102,1640246.42
9,0,79,1238316.17
9,1,95,1441033.51
9,2,104,1616344.07
9,3,98,1537729.24
9,4,93,1455824.72
9,5,103,1592696.52
9,6,94,1500753.21
9,7,86,1354298.22
9,8,92,1433268.30
9,9,97,1534209.26
9,10,90,1424450.93
9,11,88,1385255.31
9,12,701,11007005.49
9,13,712,11177554.14
9,14,92,1449463.95
9,15,78,1180126.52
9,16,74,1154058.06
9,17,96,1491119.08
9,18,77,1261734.04
9,19,759,12018285.48
9,20,716,11119902.45
9,21,85,1359312.22
9,22,104,1582690.68
9,23,83,1282839.49
10,0,111,1713073.37
10,1,103,1600505.91
10,2,84,1278977.26
10,3,97,1521890.51
10,4,86,1374660.95
10,5,101,1629734.25
10,6,90,1400325.90
10,7,90,1384491.41
10,8,83,1321244.99
10,9,77,1177583.84
10,10,88,1338225.65
10,11,93,1427971.26
10,12,808,12727394.92
10,13,730,11402676.76
10,14,97,1525305.72
10,15,94,1465892.61
10,16,100,1488829.62
10,17,79,1242734.02
10,18,104,1636461.30
10,19,736,11589571.45
10,20,776,12291371.29
10,21,95,1490166.54
10,22,87,1351909.88
10,23,100,1594565.73
11,0,107,1661860.49
11,1,105,1651504.04
11,2,99,1551564.17
11,3,87,1390133.12
11,4,82,1326760.67
11,5,90,1419948.08
11,6,91,1454661.57
11,7,100,1572222.66
11,8,87,1320379.93
11,9,81,1260073.15
11,10,77,1181466.04
11,11,80,1220196.74
11,12,736,11539122.93
11,13,718,11293533.73
11,14,85,1312552.10
11,15,81,1274953.36
11,16,71,1142937.86
11,17,87,1327195.01
11,18,86,1347771.92
11,19,695,10883417.21
11,20,729,11403188.07
11,21,83,1277758.68
11,22,86,1325620.16
11,23,92,1408857.01
12,0,81,1272000.46
12,1,84,1315321.11
12,2,98,1593407.48
12,3,79,1256146.67
12,4,108,1705736.09
12,5,101,1579848.61
12,6,100,1643987.19
12,7,92,1481346.82
12,8,95,1504715.15
12,9,100,1591936.02
12,10,106,1650939.14
12,11,93,1405965.88
12,12,760,11925150.56
12,13,673,10508665.13
12,14,92,1484635.69
12,15,79,1212303.83
12,16,87,1370737.87
12,17,93,1480121.65
12,18,116,1861029.58
12,19,748,11687739.28
12,20,744,11605743.31
12,21,67,1047768.53
12,22,105,1708842.44
12,23,101,1647193.45
13,0,119,1886056.74
13,1,85,1298526.05
13,2,101,1553640.15
13,3,104,1680050.64
13,4,90,1415285.24
13,5,89,1414863.33
13,6,96,1489490.33
13,7,104,1584369.87
13,8,79,1233512.15
13,9,118,1844089.70
13,10,88,1385904.77
13,11,85,1362570.52
13,12,730,11366885.86
13,13,747,11679335.09
13,14,110,1678778.24
13,15,86,1385570.24
13,16,99,1552846.23
13,17,81,1264388.63
13,18,91,1415931.14
13,19,773,12113373.26
13,20,710,11232859.34
13,21,80,1255071.07
13,22,80,1240797.44
13,23,108,1648339.09
14,0,101,1567896.60
14,1,101,1606040.57
14,2,90,1408508.21
14,3,92,1480300.83
14,4,85,1387753.30
14,5,126,1904488.63
14,6,92,1492518.29
14,7,113,1750045.98
14,8,92,1420948.66
14,9,82,1274494.22
14,10,106,1633942.16
14,11,109,1766497.90
14,12,753,11850749.11
14,13,775,12258461.40
14,14,97,1520852.57
14,15,91,1465203.47
14,16,90,1425605.07
14,17,93,1440781.05
14,18,110,1681884.31
14,19,752,11975874.43
14,20,765,11813276.60
14,21,97,1492972.69
14,22,85,1335319.04
14,23,107,1659248.52
15,0,98,1535185.08
15,1,87,1338334.15
15,2,89,1385317.80
15,3,91,1380238.35
15,4,79,1210375.07
15,5,99,1552295.77
15,6,82,1317784.04
15,7,69,1050151.94
15,8,89,1432477.25
15,9,106,1685799.02
15,10,118,1847986.90
15,11,101,1556695.20
15,12,774,12111480.74
15,13,705,11116248.76
15,14,95,1449843.71
15,15,98,1512424.48
15,16,98,1545189.39
15,17,83,1274724.77
15,18,82,1251410.52
15,19,724,11348274.22
15,20,744,11623163.61
15,21,99,1552755.80
15,22,97,1524431.60
15,23,88,1430095.24
16,0,89,1391497.79
16,1,94,1463490.48
16,2,102,1666437.71
16,3,99,1549837.31
16,4,83,1287259.63
16,5,93,1456662.75
16,6,86,1363146.09
16,7,96,1556835.65
16,8,91,1383396.74
16,9,97,1489159.97
16,10,97,1542427.17
16,11,89,1411333.63
16,12,686,10845795.92
16,13,696,10887629.90
16,14,106,1632469.59
16,15,100,1535012.02
16,16,84,1338110.10
16,17,92,1402202.77
16,18,104,1672929.87
16,19,756,11943198.07
16,20,718,11341235.29
16,21,86,1366423.26
16,22,101,1527973.23
16,23,93,1479656.30
17,0,121,1895953.77
17,1,85,1324637.44
17,2,90,1461990.15
17,3,93,1420037.92
17,4,88,1373442.98
17,5,88,1390466.23
17,6,98,1601398.32
17,7,104,1583070.21
17,8,91,1443023.49
17,9,86,1365430.60
17,10,101,1576655.86
17,11,92,1429732.13
17,12,755,11926084.86
17,13,742,11822157.52
17,14,90,1437927.94
17,15,104,1600125.31
17,16,85,1347625.27
17,17,107,1653091.19
17,18,82,1268742.69
17,19,763,11932305.82
17,20,714,11200071.10
17,21,106,1684204.69
17,22,93,1463615.70
17,23,80,1277572.79
18,0,99,1554575.48
18,1,92,1421363.90
18,2,88,1438774.72
18,3,90,1425653.59
18,4,94,1450977.55
18,5,99,1578216.16
18,6,102,1600914.91
18,7,84,1326994.51
18,8,71,1094153.67
18,9,70,1105498.12
18,10,96,1490885.32
18,11,91,1438453.08
18,12,746,11717144.82
18,13,750,11946076.13
18,14,93,1451062.71
18,15,95,1491644.44
18,16,102,1607887.94
18,17,100,1572044.37
18,18,78,1265776.07
18,19,752,11924615.16
18,20,725,11483524.54
18,21,110,1781922.35
18,22,96,1488024.94
18,23,82,1303165.42
19,0,115,1838646.76
19,1,92,1481477.43
19,2,89,1379512.19
19,3,92,1456094.98
19,4,97,1476198.64
19,5,104,1640277.65
19,6,85,1357429.56
19,7,90,1413430.30
19,8,85,1336893.29
19,9,100,1553066.52
19,10,89,1397425.01
19,11,87,1378382.81
19,12,721,11252472.77
19,13,725,11420106.66
19,14,100,1528396.53
19,15,75,1179873.02
19,16,85,1289707.62
19,17,94,1429776.93
19,18,99,1553561.55
19,19,728,11414049.17
19,20,754,11794627.74
19,21,86,1385751.77
19,22,102,1580422.95
19,23,94,1476494.00
20,0,100,1543916.45
20,1,105,1686686.17
20,2,84,1312503.75
20,3,112,1827835.28
20,4,91,1401514.25
20,5,92,1488227.06
20,6,102,1627490.53
20,7,95,1509811.87
20,8,94,1464302.29
20,9,97,1555033.91
20,10,91,1423543.95
20,11,94,1467391.12
20,12,734,11338951.56
20,13,746,11785077.79
20,14,91,1457912.72
20,15,72,1142743.04
20,16,114,1863988.45
20,17,85,1288719.72
20,18,96,1520152.10
20,19,717,11325753.25
20,20,702,11093861.35
20,21,97,1534443.88
20,22,91,1467251.42
20,23,102,1597573.60
