Item_ID,Item_Name,Category_ID,Base_Price,Cost,Description,Is_Available,Introduced_Date
1,Evidence Classic,6,1000.00,1050.00,Board its rock finish paper.,1,2025-01-01
2,Much Special,5,1200.00,200.00,History office effort remember ability.,1,2025-01-01
3,Wish Combo,5,850.00,300.00,Rather vote say culture issue we TV perhaps professional by.,1,2025-01-01
4,We Deluxe,4,900.00,650.00,Medical project for recent never court professor.,1,2025-01-01
5,Hundred Platter,10,1572.78,676.37,Past feeling nature a expert involve.,1,2025-01-01
6,Particularly Combo,7,1000.00,350.00,Pressure let kind degree list top somebody college be middle.,1,2025-01-01
7,Property Special,6,1968.51,844.04,Friend stand seem pull different current agency each little sure authority.,1,2025-01-01
8,Join Platter,6,1464.00,732.00,Offer responsibility himself hundred challenge reach throughout team those sing despite.,1,2025-01-01
9,Summer Classic,6,532.98,199.64,Let newspaper true building card let most next fish sense.,1,2025-12-01
10,Level Combo,3,660.00,650.00,Spring throughout interview trade knowledge city technology late seem style everyone.,1,2025-01-01
11,Star Deluxe,10,850.00,300.00,Machine dream key require doctor from throw ball character him.,1,2025-01-01
12,Claim Special,9,1175.30,587.65,Ask imagine my indeed deal information.,1,2025-01-01
13,West Special,3,1857.80,716.84,Watch affect thing offer local wall fear hope through structure.,1,2025-01-01
14,Nothing Combo,10,1000.00,250.00,Son today major event magazine home protect something right subject.,1,2025-01-01
15,Wide Platter,2,1093.68,546.84,Wonder move trade option production base.,1,2025-01-01
16,Later Deluxe,2,1105.46,552.73,Term consider employee force lawyer front.,1,2025-01-01
17,Until Deluxe,9,537.24,268.62,Everything week instead strong like see appear weight.,1,2025-01-01
18,Door Deluxe,9,1061.52,530.76,Sit prepare senior wear current.,1,2025-01-01
19,Again Classic,9,646.69,264.63,Charge call prove nor design record short cold parent security boy.,1,2025-01-01
20,Tell Platter,6,1218.14,599.21,Who blue agent find quality when.,1,2025-01-01
21,Industry Platter,4,1547.50,773.75,Away real physical big significant sure.,1,2025-01-01
22,Plan Combo,2,1720.42,860.21,Someone not American mouth product attention.,1,2025-01-01
23,Raise Combo,9,1099.06,549.53,Actually information majority item gun through least check.,1,2025-01-01
24,Control Special,9,1206.07,545.76,Whole establish space Mrs low itself room environmental system store.,1,2025-01-01
25,Before Combo,6,1581.35,667.40,Think during let particular her agreement surface.,1,2025-01-01
26,Court Special,2,1076.36,538.18,Deep something future they red everybody act way beat.,1,2025-01-01
27,Service Special,1,1182.46,591.23,Major serve real position make society behavior develop.,1,2025-01-01
28,Role Platter,6,1246.66,623.33,Fill ok list most international second former.,1,2025-01-01
29,Scientist Special,9,756.69,328.50,Even edge building court build movie several continue describe.,1,2025-01-01
30,Member Combo,4,1836.62,851.64,Right with modern executive beyond create dinner.,1,2025-01-01
31,Country Platter,7,1511.24,755.62,Add move ever window network recently call.,1,2025-01-01
32,Trouble Platter,2,1189.71,458.33,Bill activity expect long future whole education technology box.,1,2025-01-01
33,Attention Platter,4,1741.02,696.16,Man officer rather charge specific we be easy.,1,2025-01-01
34,Open Special,5,1104.42,552.21,Paper so difficult mission late kind team wrong figure.,1,2025-01-01
35,Pressure Classic,2,1611.72,805.86,Participant science way debate decision.,1,2025-01-01
36,Recent Platter,4,2297.26,899.46,Church community avoid able late.,1,2025-01-01
37,Phone Combo,1,1028.46,514.23,Fact discuss religious reflect law reach under skin person.,1,2025-01-01
38,Recently Combo,5,-1.00,151.62,Interesting name positive training step author.,1,2025-01-01
39,Company Classic,8,2424.41,867.99,Organization station TV keep light fight I.,1,2025-01-01
40,Expert Classic,9,1025.60,372.53,Music just our threat same page ago director purpose.,1,2025-01-01
41,Traditional Combo,9,770.40,385.20,Onto again share start office several compare million kind everything.,1,2025-01-01
42,Pay Classic,2,1096.68,548.34,Play man before girl four prove tax form really.,1,2025-01-01
43,Fight Special,7,402.78,201.39,Spend nearly lawyer fire follow wife identify method.,1,2025-01-01
44,Ability Classic,1,1635.44,817.72,Left approach million performance material kind appear environment capital explain.,1,2025-01-01
45,Up Classic,6,1010.35,464.42,Building win participant dream citizen nearly need behavior yeah.,1,2025-01-01
46,While Special,5,719.86,303.19,Left brother strategy marriage respond.,1,2025-01-01
47,Mr Deluxe,2,1307.54,653.77,Indeed lot line lead certain course out.,1,2025-01-01
48,Skin Platter,2,1320.73,615.87,Tell everybody so increase various meet.,1,2025-01-01
49,Tend Deluxe,2,1058.82,529.41,Executive fear only your.,1,2025-01-01
50,Might Classic,5,854.30,427.15,Land machine forward several help usually.,1,2025-01-01
51,True Platter,9,2031.02,890.42,Wonder draw him task improve fish.,1,2025-01-01
52,Material Special,5,1753.79,647.54,History professional star wonder manager already maybe opportunity.,1,2025-01-01
53,Black Deluxe,5,490.46,230.28,Between treat address century that wide avoid sit enter.,1,2025-01-01
54,Price Deluxe,9,1376.42,688.21,Power system system teacher here first responsibility service.,1,2025-01-01
55,Turn Platter,7,2129.83,829.00,Along attention piece TV young section its better plant their.,1,2025-01-01
56,Life Special,5,366.14,183.07,Really tough animal someone fall hear.,1,2025-01-01
57,Child Classic,1,1135.34,481.38,Most not society color bad that people.,1,2025-01-01
58,Effect Special,9,2006.59,858.79,Tree central leave effect effort act source top quality.,1,2025-01-01
59,Coach Combo,3,908.80,426.91,Kid generation onto police interesting.,1,2025-01-01
60,Enough Platter,6,1143.27,423.49,Suddenly current his low down occur offer yeah far.,1,2025-01-01
61,Themselves Classic,7,-1.00,337.15,Ever not rate seat any paper market tough.,1,2025-01-01
62,Few Special,3,1914.61,712.11,Parent good PM per question return process.,1,2025-01-01
63,This Platter,3,1987.78,758.08,Pick tough position final kid often.,1,2025-01-01
64,Sign Special,5,1076.17,399.14,Bed far section compare car much.,1,2025-01-01
65,History Platter,8,1351.92,675.96,Maybe evening clearly trial want whose far that sound life.,1,2025-01-01
66,Bag Deluxe,4,1524.88,762.44,Senior difficult put purpose however suffer.,1,2025-01-01
67,Onto Deluxe,2,1290.04,645.02,Bed house enough buy happy see energy herself.,1,2025-01-01
68,Pull Combo,9,812.91,359.34,Board doctor agent this no trip determine as.,1,2025-01-01
69,Than Deluxe,3,-1.00,170.70,Travel few impact cause watch fight manage best thought.,1,2025-01-01
70,Central Classic,7,1775.32,887.66,Law provide sea watch industry score choice increase.,1,2025-01-01
71,Bit Classic,2,1479.64,739.82,Past voice evidence real describe know door guy wonder.,1,2025-01-01
72,Hold Combo,1,1164.88,582.44,Top population art every why we station begin deep police.,1,2025-01-01
73,Against Special,6,1759.09,754.88,Skill during call north attention.,1,2025-01-01
74,Southern Classic,6,2310.25,861.66,Debate democratic thank forget challenge too able teach certain candidate.,1,2025-01-01
75,Success Classic,5,645.21,243.47,Body term capital group small open.,1,2025-01-01
76,Admit Classic,3,789.28,394.64,Enter camera inside box as large.,1,2025-01-01
77,High Special,10,-1.00,648.70,Order later develop past road training probably feeling poor all.,1,2025-01-01
78,Measure Deluxe,5,1159.40,454.56,International blue Republican kitchen tonight focus chance call.,1,2025-01-01
79,Probably Deluxe,8,1633.89,739.32,Nature foot yes most law painting between reduce table prepare.,1,2025-01-01
80,Specific Special,2,1357.28,656.72,Result Democrat later direction fund law indeed believe interview professor.,1,2025-01-01
81,House Platter,4,1444.08,647.89,Rather listen before be it season.,1,2025-01-01
82,Hotel Platter,1,636.96,318.48,News only no form business government.,1,2025-01-01
83,Reduce Platter,8,1303.65,506.35,Test return why outside goal official defense prevent difference.,1,2025-01-01
84,Box Combo,8,1244.64,622.32,Suddenly happen several off southern suddenly window stand.,1,2025-01-01
85,Positive Platter,7,607.76,260.68,Ago upon stop environment Congress reflect finally fund accept thank.,1,2025-01-01
86,Others Combo,1,1765.12,753.08,Attorney scientist will begin most heavy law church.,1,2025-01-01
87,Forget Special,8,1676.20,838.10,Since nothing be apply church pay purpose evening.,1,2025-01-01
88,Language Combo,10,1953.95,890.92,Parent increase democratic mention generation book question or money.,1,2025-01-01
89,Foot Classic,8,1638.04,819.02,Determine worker area daughter war.,1,2025-01-01
90,Speak Deluxe,4,1423.98,707.74,Share face build market issue can.,1,2025-01-01
91,No Combo,4,882.96,357.98,Matter street south author technology amount affect.,1,2025-01-01
92,Will Deluxe,6,416.22,208.11,Television office of remember individual.,1,2025-01-01
93,Building Special,7,1110.22,555.11,Again foot soon peace story turn because such.,1,2025-01-01
94,Either Combo,6,1359.62,679.81,Open model how financial fund four collection member box.,1,2025-01-01
95,Mrs Combo,7,923.66,461.83,Town glass road standard spring door.,1,2025-01-01
96,Establish Classic,7,1377.99,588.06,Community check service away week physical.,1,2025-01-01
97,Majority Combo,7,1714.12,857.06,Service large under north play person ten physical character attention.,1,2025-01-01
98,Letter Special,8,1752.31,700.98,Field ever argue medical financial later arm story baby ten talk.,1,2025-01-01
99,Possible Deluxe,7,953.76,476.88,Medical leg never social time last special prepare focus little.,1,2025-01-01
100,City Classic,9,2090.88,780.38,Late specific study word base.,1,2025-01-01
101,Race Platter,2,956.35,445.52,Always remain yard model particular hair.,1,2025-01-01
102,Whose Platter,5,503.54,251.77,Hold simple quickly appear piece free form.,1,2025-01-01
103,Resource Combo,5,617.50,308.75,Exist rich prevent trade their four old center.,1,2025-01-01
104,Hard Platter,8,1547.88,773.94,Whose recognize hot organization visit finally heavy.,1,2025-01-01
105,Strong Deluxe,4,1552.69,554.56,Spend prove stock school rate money position interest.,1,2025-01-01
106,Affect Platter,4,1676.15,735.92,Final week game she court yourself choice fast.,1,2025-01-01
107,Story Special,8,330.58,165.29,Medical music school money product.,1,2025-01-01
108,Under Deluxe,6,1145.96,572.98,Capital heavy class story side speak close join improve put down.,1,2025-01-01
109,Popular Platter,3,1466.31,605.44,Sell six doctor dream whole six tough.,1,2025-01-01
110,Daughter Deluxe,10,-1.00,231.07,Question now key show sing me industry class.,1,2025-01-01
111,Decision Special,2,1737.26,868.63,Catch economic political them never bill suffer surface expect several.,1,2025-01-01
112,Explain Deluxe,10,1545.86,772.93,Town challenge join watch develop later glass ago apply.,1,2025-01-01
113,Morning Platter,6,1605.59,747.17,Dog yes heart agreement us stuff practice social.,1,2025-01-01
114,Certain Deluxe,1,1292.28,646.14,Expert stop receive catch relationship.,1,2025-01-01
115,List Deluxe,8,1533.50,766.75,Accept bad eight strong nature road month book explain feeling answer.,1,2025-01-01
116,Kind Deluxe,10,1144.22,476.62,Lead book toward others administration middle drop century investment pass drive.,1,2025-01-01
117,Keep Combo,10,1121.24,553.63,Professor beat window attack moment medical.,1,2025-01-01
118,Movement Platter,5,2008.31,788.78,After them analysis hit health section ground attack drop price.,1,2025-01-01
119,Body Classic,7,665.80,332.90,Same forward and national spend compare single let receive place.,1,2025-01-01
120,Talk Combo,4,1041.46,520.73,As simply leader fall analysis current.,1,2025-01-01
121,Analysis Classic,5,687.52,343.76,Value middle writer myself education send course ground.,1,2025-01-01
122,Statement Special,7,1074.94,537.47,Tend forward buy happy threat.,1,2025-01-01
123,Six Combo,8,1678.63,718.62,Thus hit wind many marriage under mind song risk.,1,2025-01-01
124,Bar Special,5,439.58,219.79,Own state nation fly bag produce fill owner international.,1,2025-01-01
125,Road Deluxe,7,909.11,426.77,Goal amount thank good your ever woman way avoid.,1,2025-01-01
126,Public Combo,5,1125.58,562.79,Guy song quickly well central parent sit alone.,1,2025-01-01
127,Audience Deluxe,2,769.12,322.90,Sing hand him note painting quickly we.,1,2025-01-01
128,Hot Special,4,2015.69,863.16,Several off morning huge power economic box save material.,1,2025-01-01
129,Impact Classic,10,780.63,357.37,Brother simple region Democrat partner really your customer career available.,1,2025-01-01
130,Consider Special,6,450.78,225.39,Young specific whose worry property remember nearly face feel.,1,2025-01-01
131,Seek Deluxe,1,337.47,160.61,Soldier meeting building cut catch so.,1,2025-01-01
132,Agree Special,8,1130.04,565.02,Network hard sound necessary partner beat finally yourself.,1,2025-01-01
133,Serve Combo,8,318.40,159.20,Moment shoulder statement available win politics last quite general.,1,2025-01-01
134,Unit Combo,2,1748.24,874.12,Policy consider whom item treat area buy check clearly follow.,1,2025-01-01
135,Security Platter,3,901.06,450.53,Generation wait thus suffer economy play nearly.,1,2025-01-01
136,Car Special,2,1144.26,572.13,Field move maybe collection walk child probably result painting successful nor.,1,2025-01-01
137,That Classic,4,1014.00,462.13,Ball we side enough decision.,1,2025-01-01
138,Owner Deluxe,10,1159.04,435.28,Peace air threat nation politics few each southern image.,1,2025-01-01
139,Long Classic,2,845.84,379.04,Read citizen indeed less future.,1,2025-01-01
140,Charge Platter,3,611.68,305.84,Technology floor write generation human set middle blood.,1,2025-01-01
141,Effort Combo,8,1127.98,563.99,Business last cell anything war ten industry while total.,1,2025-01-01
142,Teach Deluxe,5,1004.86,502.43,Value return couple city you level these market.,1,2025-01-01
143,Believe Deluxe,10,1143.44,490.52,Measure whom Democrat good anything manager think pressure.,1,2025-01-01
144,Many Classic,4,1700.50,850.25,Mr suggest issue think road shake hand.,1,2025-01-01
145,Institution Platter,1,2111.48,831.31,Now crime network available mean.,1,2025-01-01
146,South Classic,5,922.63,380.71,Evidence writer quite budget window hour some fund voice sense.,1,2025-01-01
147,Decide Combo,5,1003.04,501.52,Meeting matter and case four listen lead paper middle foreign.,1,2025-01-01
148,Position Platter,7,1040.70,520.35,Class wrong school federal from stock mother remember.,1,2025-01-01
149,Firm Special,10,1205.58,602.79,Staff happy purpose woman on someone rise read ago.,1,2025-01-01
150,Matter Deluxe,10,405.15,165.56,Whose situation simply officer return on color.,1,2025-01-01
