Pricing_ID,Item_ID,Price,Effective_Date
1,1,1000.00,2025-01-01
2,1,1000.00,2025-07-01
3,2,1200.00,2025-01-01
4,2,1200.00,2025-07-01
5,3,850.00,2025-01-01
6,3,850.00,2025-07-01
7,4,900.00,2025-01-01
8,4,900.00,2025-07-01
9,5,1572.78,2025-01-01
10,5,1572.78,2025-07-01
11,6,1000.00,2025-01-01
12,6,1400.00,2025-07-01
13,7,1968.51,2025-01-01
14,7,1968.51,2025-07-01
15,8,1464.00,2025-01-01
16,8,1464.00,2025-07-01
17,9,532.98,2025-01-01
18,9,532.98,2025-07-01
19,10,660.00,2025-01-01
20,10,660.00,2025-07-01
21,11,850.00,2025-01-01
22,11,850.00,2025-07-01
23,12,1175.30,2025-01-01
24,12,1175.30,2025-07-01
25,13,1857.80,2025-01-01
26,13,1857.80,2025-07-01
27,14,1000.00,2025-01-01
28,14,1000.00,2025-07-01
29,15,1093.68,2025-01-01
30,15,1093.68,2025-07-01
31,16,1105.46,2025-01-01
32,16,1105.46,2025-07-01
33,17,537.24,2025-01-01
34,17,537.24,2025-07-01
35,18,1061.52,2025-01-01
36,18,1061.52,2025-07-01
37,19,646.69,2025-01-01
38,19,646.69,2025-07-01
39,20,1218.14,2025-01-01
40,20,1218.14,2025-07-01
41,21,1547.50,2025-01-01
42,21,1547.50,2025-07-01
43,22,1720.42,2025-01-01
44,22,1720.42,2025-07-01
45,23,1099.06,2025-01-01
46,23,1099.06,2025-07-01
47,24,1206.07,2025-01-01
48,24,1206.07,2025-07-01
49,25,1581.35,2025-01-01
50,25,1581.35,2025-07-01
51,26,1076.36,2025-01-01
52,26,1076.36,2025-07-01
53,27,1182.46,2025-01-01
54,27,1182.46,2025-07-01
55,28,1246.66,2025-01-01
56,28,1246.66,2025-07-01
57,29,756.69,2025-01-01
58,29,756.69,2025-07-01
59,30,1836.62,2025-01-01
60,30,1836.62,2025-07-01
61,31,1511.24,2025-01-01
62,31,1511.24,2025-07-01
63,32,1189.71,2025-01-01
64,32,1189.71,2025-07-01
65,33,1741.02,2025-01-01
66,33,1741.02,2025-07-01
67,34,1104.42,2025-01-01
68,34,1104.42,2025-07-01
69,35,1611.72,2025-01-01
70,35,1611.72,2025-07-01
71,36,2297.26,2025-01-01
72,36,2297.26,2025-07-01
73,37,1028.46,2025-01-01
74,37,1028.46,2025-07-01
75,38,303.24,2025-01-01
76,38,303.24,2025-07-01
77,39,2424.41,2025-01-01
78,39,2424.41,2025-07-01
79,40,1025.60,2025-01-01
80,40,1025.60,2025-07-01
81,41,770.40,2025-01-01
82,41,770.40,2025-07-01
83,42,1096.68,2025-01-01
84,42,1096.68,2025-07-01
85,43,402.78,2025-01-01
86,43,402.78,2025-07-01
87,44,1635.44,2025-01-01
88,44,1635.44,2025-07-01
89,45,1010.35,2025-01-01
90,45,1010.35,2025-07-01
91,46,719.86,2025-01-01
92,46,719.86,2025-07-01
93,47,1307.54,2025-01-01
94,47,1307.54,2025-07-01
95,48,1320.73,2025-01-01
96,48,1320.73,2025-07-01
97,49,1058.82,2025-01-01
98,49,1058.82,2025-07-01
99,50,854.30,2025-01-01
100,50,854.30,2025-07-01
101,51,2031.02,2025-01-01
102,51,2031.02,2025-07-01
103,52,1753.79,2025-01-01
104,52,1753.79,2025-07-01
105,53,490.46,2025-01-01
106,53,490.46,2025-07-01
107,54,1376.42,2025-01-01
108,54,1376.42,2025-07-01
109,55,2129.83,2025-01-01
110,55,2129.83,2025-07-01
111,56,366.14,2025-01-01
112,56,366.14,2025-07-01
113,57,1135.34,2025-01-01
114,57,1135.34,2025-07-01
115,58,2006.59,2025-01-01
116,58,2006.59,2025-07-01
117,59,908.80,2025-01-01
118,59,908.80,2025-07-01
119,60,1143.27,2025-01-01
120,60,1143.27,2025-07-01
121,61,674.30,2025-01-01
122,61,674.30,2025-07-01
123,62,1914.61,2025-01-01
124,62,1914.61,2025-07-01
125,63,1987.78,2025-01-01
126,63,1987.78,2025-07-01
127,64,1076.17,2025-01-01
128,64,1076.17,2025-07-01
129,65,1351.92,2025-01-01
130,65,1351.92,2025-07-01
131,66,1524.88,2025-01-01
132,66,1524.88,2025-07-01
133,67,1290.04,2025-01-01
134,67,1290.04,2025-07-01
135,68,812.91,2025-01-01
136,68,812.91,2025-07-01
137,69,446.48,2025-01-01
138,69,446.48,2025-07-01
139,70,1775.32,2025-01-01
140,70,1775.32,2025-07-01
141,71,1479.64,2025-01-01
142,71,1479.64,2025-07-01
143,72,1164.88,2025-01-01
144,72,1164.88,2025-07-01
145,73,1759.09,2025-01-01
146,73,1759.09,2025-07-01
147,74,2310.25,2025-01-01
148,74,2310.25,2025-07-01
149,75,645.21,2025-01-01
150,75,645.21,2025-07-01
151,76,789.28,2025-01-01
152,76,789.28,2025-07-01
153,77,1297.40,2025-01-01
154,77,1297.40,2025-07-01
155,78,1159.40,2025-01-01
156,78,1159.40,2025-07-01
157,79,1633.89,2025-01-01
158,79,1633.89,2025-07-01
159,80,1357.28,2025-01-01
160,80,1357.28,2025-07-01
161,81,1444.08,2025-01-01
162,81,1444.08,2025-07-01
163,82,636.96,2025-01-01
164,82,636.96,2025-07-01
165,83,1303.65,2025-01-01
166,83,1303.65,2025-07-01
167,84,1244.64,2025-01-01
168,84,1244.64,2025-07-01
169,85,607.76,2025-01-01
170,85,607.76,2025-07-01
171,86,1765.12,2025-01-01
172,86,1765.12,2025-07-01
173,87,1676.20,2025-01-01
174,87,1676.20,2025-07-01
175,88,1953.95,2025-01-01
176,88,1953.95,2025-07-01
177,89,1638.04,2025-01-01
178,89,1638.04,2025-07-01
179,90,1423.98,2025-01-01
180,90,1423.98,2025-07-01
181,91,882.96,2025-01-01
182,91,882.96,2025-07-01
183,92,416.22,2025-01-01
184,92,416.22,2025-07-01
185,93,1110.22,2025-01-01
186,93,1110.22,2025-07-01
187,94,1359.62,2025-01-01
188,94,1359.62,2025-07-01
189,95,923.66,2025-01-01
190,95,923.66,2025-07-01
191,96,1377.99,2025-01-01
192,96,1377.99,2025-07-01
193,97,1714.12,2025-01-01
194,97,1714.12,2025-07-01
195,98,1752.31,2025-01-01
196,98,1752.31,2025-07-01
197,99,953.76,2025-01-01
198,99,953.76,2025-07-01
199,100,2090.88,2025-01-01
200,100,2090.88,2025-07-01
201,101,956.35,2025-01-01
202,101,956.35,2025-07-01
203,102,503.54,2025-01-01
204,102,503.54,2025-07-01
205,103,617.50,2025-01-01
206,103,617.50,2025-07-01
207,104,1547.88,2025-01-01
208,104,1547.88,2025-07-01
209,105,1552.69,2025-01-01
210,105,1552.69,2025-07-01
211,106,1676.15,2025-01-01
212,106,1676.15,2025-07-01
213,107,330.58,2025-01-01
214,107,330.58,2025-07-01
215,108,1145.96,2025-01-01
216,108,1145.96,2025-07-01
217,109,1466.31,2025-01-01
218,109,1466.31,2025-07-01
219,110,462.14,2025-01-01
220,110,462.14,2025-07-01
221,111,1737.26,2025-01-01
222,111,1737.26,2025-07-01
223,112,1545.86,2025-01-01
224,112,1545.86,2025-07-01
225,113,1605.59,2025-01-01
226,113,1605.59,2025-07-01
227,114,1292.28,2025-01-01
228,114,1292.28,2025-07-01
229,115,1533.50,2025-01-01
230,115,1533.50,2025-07-01
231,116,1144.22,2025-01-01
232,116,1144.22,2025-07-01
233,117,1121.24,2025-01-01
234,117,1121.24,2025-07-01
235,118,2008.31,2025-01-01
236,118,2008.31,2025-07-01
237,119,665.80,2025-01-01
238,119,665.80,2025-07-01
239,120,1041.46,2025-01-01
240,120,1041.46,2025-07-01
241,121,687.52,2025-01-01
242,121,687.52,2025-07-01
243,122,1074.94,2025-01-01
244,122,1074.94,2025-07-01
245,123,1678.63,2025-01-01
246,123,1678.63,2025-07-01
247,124,439.58,2025-01-01
248,124,439.58,2025-07-01
249,125,909.11,2025-01-01
250,125,909.11,2025-07-01
251,126,1125.58,2025-01-01
252,126,1125.58,2025-07-01
253,127,769.12,2025-01-01
254,127,769.12,2025-07-01
255,128,2015.69,2025-01-01
256,128,2015.69,2025-07-01
257,129,780.63,2025-01-01
258,129,780.63,2025-07-01
259,130,450.78,2025-01-01
260,130,450.78,2025-07-01
261,131,337.47,2025-01-01
262,131,337.47,2025-07-01
263,132,1130.04,2025-01-01
264,132,1130.04,2025-07-01
265,133,318.40,2025-01-01
266,133,318.40,2025-07-01
267,134,1748.24,2025-01-01
268,134,1748.24,2025-07-01
269,135,901.06,2025-01-01
270,135,901.06,2025-07-01
271,136,1144.26,2025-01-01
272,136,1144.26,2025-07-01
273,137,1014.00,2025-01-01
274,137,1014.00,2025-07-01
275,138,1159.04,2025-01-01
276,138,1159.04,2025-07-01
277,139,845.84,2025-01-01
278,139,845.84,2025-07-01
279,140,611.68,2025-01-01
280,140,611.68,2025-07-01
281,141,1127.98,2025-01-01
282,141,1127.98,2025-07-01
283,142,1004.86,2025-01-01
284,142,1004.86,2025-07-01
285,143,1143.44,2025-01-01
286,143,1143.44,2025-07-01
287,144,1700.50,2025-01-01
288,144,1700.50,2025-07-01
289,145,2111.48,2025-01-01
290,145,2111.48,2025-07-01
291,146,922.63,2025-01-01
292,146,922.63,2025-07-01
293,147,1003.04,2025-01-01
294,147,1003.04,2025-07-01
295,148,1040.70,2025-01-01
296,148,1040.70,2025-07-01
297,149,1205.58,2025-01-01
298,149,1205.58,2025-07-01
299,150,405.15,2025-01-01
300,150,405.15,2025-07-01
