Promotion_ID,Promotion_Name,Discount_Percent,Start_Date,End_Date,Applicable_Category_ID,Applicable_Item_ID
1,Campaign 1,40,2025-06-01,2025-06-30,4,4
2,Campaign 2,35,2025-01-01,2025-12-31,6,1
3,Campaign 3,20,2025-01-01,2025-12-31,9,12
4,Campaign 4,20,2025-01-01,2025-03-02,9,19
5,Campaign 5,20,2025-04-01,2025-05-31,6,20
6,Campaign 6,20,2025-07-01,2025-08-30,4,21
7,Campaign 7,20,2025-10-01,2025-11-30,2,22
8,Campaign 8,20,2025-01-01,2025-03-02,9,23
9,Campaign 9,20,2025-04-01,2025-05-31,9,24
10,Campaign 10,20,2025-07-01,2025-08-30,6,25
11,Campaign 11,20,2025-10-01,2025-11-30,2,26
12,Campaign 12,20,2025-01-01,2025-03-02,1,27
13,Campaign 13,20,2025-04-01,2025-05-31,6,28
14,Campaign 14,20,2025-07-01,2025-08-30,9,29
15,Campaign 15,20,2025-10-01,2025-11-30,4,30
16,Campaign 16,20,2025-01-01,2025-03-02,7,31
17,Campaign 17,20,2025-04-01,2025-05-31,2,32
18,Campaign 18,20,2025-07-01,2025-08-30,4,33
19,Campaign 19,20,2025-10-01,2025-11-30,5,34
20,Campaign 20,20,2025-01-01,2025-03-02,2,35
