Promotion_ID,promotion_name,start_date,end_date,eligible_item_count,quantity,revenue,contribution,orders,customers,aov,tagged_campaign_orders,repeat_customers,wastage_cost,promotion_trap,comparison_available,before_quantity,before_contribution,after_quantity,after_contribution
1,Campaign 1,2025-06-01,2025-06-30,1,2979.0,1687500.0,-248850.0,1022,994,1651.174168297456,868,25,85800.0,True,True,258.0,64500.0,255.0,63750.0
2,Campaign 2,2025-01-01,2025-12-31,1,125690.0,117780000.0,-14194500.0,60289,36111,1953.5902071688035,8968,10330,649950.0,,False,,,,
3,Campaign 3,2025-01-01,2025-12-31,1,24811.0,23376717.0,8796532.850000001,9071,7554,2577.0826810715466,8922,874,227420.54999999993,,False,,,,
4,Campaign 4,2025-01-01,2025-03-02,1,2401.0,1389088.2700000003,753711.6400000002,1673,1594,830.2978302450689,884,69,21170.400000000005,,False,,,956.0,365249.36000000004
5,Campaign 5,2025-04-01,2025-05-31,1,2202.0,2371472.99,1052012.5700000003,1581,1513,1499.982915876028,911,62,40147.07,False,True,929.0,574985.97,938.0,580556.3400000001
6,Campaign 6,2025-07-01,2025-08-30,1,2086.0,2867208.0,1253165.5,1452,1376,1974.6611570247933,809,65,52615.0,False,True,1029.0,796188.75,955.0,738931.25
7,Campaign 7,2025-10-01,2025-11-30,1,2230.0,3404713.43,1486445.1300000004,1533,1469,2220.9480952380954,852,56,66236.17,False,True,962.0,827522.02,,
8,Campaign 8,2025-01-01,2025-03-02,1,2462.0,2415735.83,1062792.9700000002,1708,1639,1414.3652400468384,912,65,36818.50999999999,,False,,,885.0,486334.04999999993
9,Campaign 9,2025-04-01,2025-05-31,1,2274.0,2423961.88,1182903.6400000001,1577,1521,1537.0715789473684,907,50,40386.24000000001,False,True,1001.0,660970.3099999998,958.0,632576.9799999999
10,Campaign 10,2025-07-01,2025-08-30,1,2112.0,2950166.5599999996,1540617.76,1478,1409,1996.0531529093366,855,60,45383.200000000004,False,True,991.0,905724.4500000001,902.0,824382.8999999999
11,Campaign 11,2025-10-01,2025-11-30,1,2190.0,2085987.3599999999,907373.1599999999,1502,1433,1388.806498002663,849,64,35519.88,False,True,1025.0,551634.5,,
12,Campaign 12,2025-01-01,2025-03-02,1,2494.0,2621988.78,1147461.1599999997,1746,1669,1501.7117869415806,959,69,49072.090000000004,,False,,,962.0,568763.2599999999
13,Campaign 13,2025-04-01,2025-05-31,1,2050.0,2271914.7800000003,994088.28,1423,1369,1596.566957132818,784,51,41139.780000000006,False,True,963.0,600266.79,947.0,590293.51
14,Campaign 14,2025-07-01,2025-08-30,1,2053.0,1380957.4900000002,706546.9900000001,1467,1395,941.3479822767555,818,68,28579.5,False,True,987.0,422623.53,986.0,422195.34
15,Campaign 15,2025-10-01,2025-11-30,1,2224.0,3623286.1099999994,1729238.7499999995,1526,1455,2374.3683551769327,855,65,63873.00000000001,False,True,1019.0,1003694.6199999996,,
16,Campaign 16,2025-01-01,2025-03-02,1,2398.0,3206244.5700000003,1394267.81,1719,1640,1865.1800872600352,986,71,56671.50000000001,,False,,,936.0,707260.3200000001
17,Campaign 17,2025-04-01,2025-05-31,1,2186.0,2297807.62,1295898.24,1524,1467,1507.7477821522311,879,53,30708.110000000004,False,True,981.0,717483.7800000001,889.0,650196.8200000002
18,Campaign 18,2025-07-01,2025-08-30,1,2230.0,3450007.42,1897570.62,1540,1476,2240.2645584415586,853,55,52908.16000000001,False,True,1008.0,1053218.8800000004,1044.0,1090833.8400000003
19,Campaign 19,2025-10-01,2025-11-30,1,2103.0,2061070.8600000003,899773.2300000001,1458,1405,1413.6288477366259,818,47,35341.44,False,True,1038.0,573193.9800000001,,
20,Campaign 20,2025-01-01,2025-03-02,1,2599.0,3724365.2300000004,1629935.0900000003,1777,1685,2095.8723860438945,991,83,68498.09999999999,,False,,,870.0,701098.2
