Item_ID,Item_Name,Category_ID,Location_ID,Scope,Slow_Moving_Status,Severity,Evidence,Reason,History_Status,Recommended_Action,Slow_Moving_Rule_Version
1,Evidence Classic,6,,GLOBAL,NOT_SLOW,NONE,"{""active_months"": 12, ""contribution"": -14194500.0, ""days_since_last_purchase"": 1, ""global_sales"": 125690, ""history_days"": 366, ""location_context"": ""GLOBAL"", ""order_frequency_percentile"": 1.0, ""orders"": 60289, ""orders_per_30_days"": 4941.72, ""profit_percent"": -12.05, ""recent_trend_percent"": 68.73, ""repeat_purchase_rate"": 0.2861, ""sales"": 125690, ""seasonal_top3_month_share"": 0.3213, ""volume_percentile"": 1.0, ""wastage_percent"": 0.49}",The combined slow-moving conditions are not met in this scope.,ESTABLISHED,Continue normal monitoring.,slow-moving-multifactor-v1
3,Wish Combo,5,,GLOBAL,NOT_SLOW,NONE,"{""active_months"": 12, ""contribution"": 41584950.0, ""days_since_last_purchase"": 0, ""global_sales"": 75609, ""history_days"": 366, ""location_context"": ""GLOBAL"", ""order_frequency_percentile"": 0.9933, ""orders"": 42448, ""orders_per_30_days"": 3479.34, ""profit_percent"": 64.71, ""recent_trend_percent"": 46.47, ""repeat_purchase_rate"": 0.2202, ""sales"": 75609, ""seasonal_top3_month_share"": 0.3076, ""volume_percentile"": 0.9933, ""wastage_percent"": 41.21}",The combined slow-moving conditions are not met in this scope.,ESTABLISHED,Continue normal monitoring.,slow-moving-multifactor-v1
11,Star Deluxe,10,,GLOBAL,NOT_SLOW,NONE,"{""active_months"": 12, ""contribution"": 41274200.0, ""days_since_last_purchase"": 1, ""global_sales"": 75044, ""history_days"": 366, ""location_context"": ""GLOBAL"", ""order_frequency_percentile"": 0.9867, ""orders"": 42328, ""orders_per_30_days"": 3469.51, ""profit_percent"": 64.71, ""recent_trend_percent"": 42.48, ""repeat_purchase_rate"": 0.2225, ""sales"": 75044, ""seasonal_top3_month_share"": 0.3027, ""volume_percentile"": 0.9867, ""wastage_percent"": 0.83}",The combined slow-moving conditions are not met in this scope.,ESTABLISHED,Continue normal monitoring.,slow-moving-multifactor-v1
7,Property Special,6,,GLOBAL,NOT_SLOW,NONE,"{""active_months"": 12, ""contribution"": 35243138.74, ""days_since_last_purchase"": 4, ""global_sales"": 31342, ""history_days"": 366, ""location_context"": ""GLOBAL"", ""order_frequency_percentile"": 0.9733, ""orders"": 17088, ""orders_per_30_days"": 1400.66, ""profit_percent"": 57.12, ""recent_trend_percent"": 34.15, ""repeat_purchase_rate"": 0.1428, ""sales"": 31342, ""seasonal_top3_month_share"": 0.3014, ""volume_percentile"": 0.9733, ""wastage_percent"": 0.55}",The combined slow-moving conditions are not met in this scope.,ESTABLISHED,Continue normal monitoring.,slow-moving-multifactor-v1
6,Particularly Combo,7,,GLOBAL,NOT_SLOW,NONE,"{""active_months"": 12, ""contribution"": 23338300.0, ""days_since_last_purchase"": 1, ""global_sales"": 33870, ""history_days"": 366, ""location_context"": ""GLOBAL"", ""order_frequency_percentile"": 0.98, ""orders"": 20285, ""orders_per_30_days"": 1662.7, ""profit_percent"": 66.32, ""recent_trend_percent"": 43.6, ""repeat_purchase_rate"": 0.1491, ""sales"": 33870, ""seasonal_top3_month_share"": 0.4956, ""volume_percentile"": 0.98, ""wastage_percent"": 1.25}",The combined slow-moving conditions are not met in this scope.,ESTABLISHED,Continue normal monitoring.,slow-moving-multifactor-v1
8,Join Platter,6,,GLOBAL,SEASONAL_REVIEW,REVIEW,"{""active_months"": 12, ""contribution"": 15773868.0, ""days_since_last_purchase"": 1, ""global_sales"": 21549, ""history_days"": 366, ""location_context"": ""GLOBAL"", ""order_frequency_percentile"": 0.9467, ""orders"": 11619, ""orders_per_30_days"": 952.38, ""profit_percent"": 50.0, ""recent_trend_percent"": 2721.19, ""repeat_purchase_rate"": 0.1226, ""sales"": 21549, ""seasonal_top3_month_share"": 0.9969, ""volume_percentile"": 0.9533, ""wastage_percent"": 0.45}",At least 70% of volume falls in three months; one year cannot prove recurring seasonality.,ESTABLISHED,Review seasonal timing and stock; avoid permanent removal from one off-season.,slow-moving-multifactor-v1
14,Nothing Combo,10,,GLOBAL,NOT_SLOW,NONE,"{""active_months"": 12, ""contribution"": 18936750.0, ""days_since_last_purchase"": 0, ""global_sales"": 25249, ""history_days"": 366, ""location_context"": ""GLOBAL"", ""order_frequency_percentile"": 0.9667, ""orders"": 16725, ""orders_per_30_days"": 1370.9, ""profit_percent"": 75.0, ""recent_trend_percent"": 54.18, ""repeat_purchase_rate"": 0.136, ""sales"": 25249, ""seasonal_top3_month_share"": 0.3077, ""volume_percentile"": 0.9667, ""wastage_percent"": 2.27}",The combined slow-moving conditions are not met in this scope.,ESTABLISHED,Continue normal monitoring.,slow-moving-multifactor-v1
12,Claim Special,9,,GLOBAL,NOT_SLOW,NONE,"{""active_months"": 12, ""contribution"": 8796532.85, ""days_since_last_purchase"": 1, ""global_sales"": 24811, ""history_days"": 366, ""location_context"": ""GLOBAL"", ""order_frequency_percentile"": 0.94, ""orders"": 9071, ""orders_per_30_days"": 743.52, ""profit_percent"": 37.63, ""recent_trend_percent"": 348.6, ""repeat_purchase_rate"": 0.1157, ""sales"": 24811, ""seasonal_top3_month_share"": 0.5144, ""volume_percentile"": 0.96, ""wastage_percent"": 1.54}",The combined slow-moving conditions are not met in this scope.,ESTABLISHED,Continue normal monitoring.,slow-moving-multifactor-v1
5,Hundred Platter,10,,GLOBAL,NOT_SLOW,NONE,"{""active_months"": 12, ""contribution"": 10192181.7, ""days_since_last_purchase"": 0, ""global_sales"": 11370, ""history_days"": 366, ""location_context"": ""GLOBAL"", ""order_frequency_percentile"": 0.9333, ""orders"": 6759, ""orders_per_30_days"": 554.02, ""profit_percent"": 57.0, ""recent_trend_percent"": 61.35, ""repeat_purchase_rate"": 0.102, ""sales"": 11370, ""seasonal_top3_month_share"": 0.3167, ""volume_percentile"": 0.94, ""wastage_percent"": 2.27}",The combined slow-moving conditions are not met in this scope.,ESTABLISHED,Continue normal monitoring.,slow-moving-multifactor-v1
39,Company Classic,8,,GLOBAL,NOT_SLOW,NONE,"{""active_months"": 12, ""contribution"": 9789881.8, ""days_since_last_purchase"": 1, ""global_sales"": 6290, ""history_days"": 366, ""location_context"": ""GLOBAL"", ""order_frequency_percentile"": 0.4167, ""orders"": 4436, ""orders_per_30_days"": 363.61, ""profit_percent"": 64.2, ""recent_trend_percent"": 43.68, ""repeat_purchase_rate"": 0.0942, ""sales"": 6290, ""seasonal_top3_month_share"": 0.3029, ""volume_percentile"": 0.5467, ""wastage_percent"": 4.16}",The combined slow-moving conditions are not met in this scope.,ESTABLISHED,Continue normal monitoring.,slow-moving-multifactor-v1
74,Southern Classic,6,,GLOBAL,NOT_SLOW,NONE,"{""active_months"": 12, ""contribution"": 9062379.04, ""days_since_last_purchase"": 1, ""global_sales"": 6256, ""history_days"": 366, ""location_context"": ""GLOBAL"", ""order_frequency_percentile"": 0.35, ""orders"": 4422, ""orders_per_30_days"": 362.46, ""profit_percent"": 62.7, ""recent_trend_percent"": 36.69, ""repeat_purchase_rate"": 0.0882, ""sales"": 6256, ""seasonal_top3_month_share"": 0.3031, ""volume_percentile"": 0.46, ""wastage_percent"": 4.27}",The combined slow-moving conditions are not met in this scope.,ESTABLISHED,Continue normal monitoring.,slow-moving-multifactor-v1
36,Recent Platter,4,,GLOBAL,HIDDEN_OPPORTUNITY,LOW,"{""active_months"": 12, ""contribution"": 8592276.6, ""days_since_last_purchase"": 1, ""global_sales"": 6147, ""history_days"": 366, ""location_context"": ""GLOBAL"", ""order_frequency_percentile"": 0.18, ""orders"": 4375, ""orders_per_30_days"": 358.61, ""profit_percent"": 60.85, ""recent_trend_percent"": 51.71, ""repeat_purchase_rate"": 0.0823, ""sales"": 6147, ""seasonal_top3_month_share"": 0.3109, ""volume_percentile"": 0.1733, ""wastage_percent"": 4.53}",Low relative volume with healthy contribution and quality or positive demand momentum.,ESTABLISHED,Test visibility and placement before reducing menu presence.,slow-moving-multifactor-v1
30,Member Combo,4,,GLOBAL,NOT_SLOW,NONE,"{""active_months"": 12, ""contribution"": 6988046.97, ""days_since_last_purchase"": 1, ""global_sales"": 7563, ""history_days"": 366, ""location_context"": ""GLOBAL"", ""order_frequency_percentile"": 0.9, ""orders"": 5348, ""orders_per_30_days"": 438.36, ""profit_percent"": 52.04, ""recent_trend_percent"": -33.95, ""repeat_purchase_rate"": 0.0908, ""sales"": 7563, ""seasonal_top3_month_share"": 0.391, ""volume_percentile"": 0.9067, ""wastage_percent"": 4.08}",The combined slow-moving conditions are not met in this scope.,ESTABLISHED,Continue normal monitoring.,slow-moving-multifactor-v1
55,Turn Platter,7,,GLOBAL,NOT_SLOW,NONE,"{""active_months"": 12, ""contribution"": 8158805.76, ""days_since_last_purchase"": 1, ""global_sales"": 6272, ""history_days"": 366, ""location_context"": ""GLOBAL"", ""order_frequency_percentile"": 0.62, ""orders"": 4495, ""orders_per_30_days"": 368.44, ""profit_percent"": 61.08, ""recent_trend_percent"": 52.12, ""repeat_purchase_rate"": 0.0886, ""sales"": 6272, ""seasonal_top3_month_share"": 0.3133, ""volume_percentile"": 0.5, ""wastage_percent"": 4.2}",The combined slow-moving conditions are not met in this scope.,ESTABLISHED,Continue normal monitoring.,slow-moving-multifactor-v1
100,City Classic,9,,GLOBAL,NOT_SLOW,NONE,"{""active_months"": 12, ""contribution"": 8208972.0, ""days_since_last_purchase"": 1, ""global_sales"": 6264, ""history_days"": 366, ""location_context"": ""GLOBAL"", ""order_frequency_percentile"": 0.5533, ""orders"": 4472, ""orders_per_30_days"": 366.56, ""profit_percent"": 62.68, ""recent_trend_percent"": 51.69, ""repeat_purchase_rate"": 0.0845, ""sales"": 6264, ""seasonal_top3_month_share"": 0.3087, ""volume_percentile"": 0.4867, ""wastage_percent"": 4.28}",The combined slow-moving conditions are not met in this scope.,ESTABLISHED,Continue normal monitoring.,slow-moving-multifactor-v1
145,Institution Platter,1,,GLOBAL,HIDDEN_OPPORTUNITY,LOW,"{""active_months"": 12, ""contribution"": 7892248.05, ""days_since_last_purchase"": 1, ""global_sales"": 6165, ""history_days"": 366, ""location_context"": ""GLOBAL"", ""order_frequency_percentile"": 0.1667, ""orders"": 4366, ""orders_per_30_days"": 357.87, ""profit_percent"": 60.63, ""recent_trend_percent"": 52.24, ""repeat_purchase_rate"": 0.086, ""sales"": 6165, ""seasonal_top3_month_share"": 0.3147, ""volume_percentile"": 0.2, ""wastage_percent"": 4.24}",Low relative volume with healthy contribution and quality or positive demand momentum.,ESTABLISHED,Test visibility and placement before reducing menu presence.,slow-moving-multifactor-v1
51,True Platter,9,,GLOBAL,NOT_SLOW,NONE,"{""active_months"": 12, ""contribution"": 7266762.6, ""days_since_last_purchase"": 1, ""global_sales"": 6371, ""history_days"": 366, ""location_context"": ""GLOBAL"", ""order_frequency_percentile"": 0.7867, ""orders"": 4558, ""orders_per_30_days"": 373.61, ""profit_percent"": 56.16, ""recent_trend_percent"": 50.51, ""repeat_purchase_rate"": 0.0861, ""sales"": 6371, ""seasonal_top3_month_share"": 0.3135, ""volume_percentile"": 0.7267, ""wastage_percent"": 4.37}",The combined slow-moving conditions are not met in this scope.,ESTABLISHED,Continue normal monitoring.,slow-moving-multifactor-v1
33,Attention Platter,4,,GLOBAL,NOT_SLOW,NONE,"{""active_months"": 12, ""contribution"": 7445777.22, ""days_since_last_purchase"": 1, ""global_sales"": 7540, ""history_days"": 366, ""location_context"": ""GLOBAL"", ""order_frequency_percentile"": 0.8733, ""orders"": 5270, ""orders_per_30_days"": 431.97, ""profit_percent"": 58.65, ""recent_trend_percent"": 47.78, ""repeat_purchase_rate"": 0.0961, ""sales"": 7540, ""seasonal_top3_month_share"": 0.3944, ""volume_percentile"": 0.8867, ""wastage_percent"": 3.78}",The combined slow-moving conditions are not met in this scope.,ESTABLISHED,Continue normal monitoring.,slow-moving-multifactor-v1
58,Effect Special,9,,GLOBAL,NOT_SLOW,NONE,"{""active_months"": 12, ""contribution"": 7250652.6, ""days_since_last_purchase"": 1, ""global_sales"": 6317, ""history_days"": 366, ""location_context"": ""GLOBAL"", ""order_frequency_percentile"": 0.5867, ""orders"": 4484, ""orders_per_30_days"": 367.54, ""profit_percent"": 57.2, ""recent_trend_percent"": 47.35, ""repeat_purchase_rate"": 0.0843, ""sales"": 6317, ""seasonal_top3_month_share"": 0.3196, ""volume_percentile"": 0.6267, ""wastage_percent"": 4.24}",The combined slow-moving conditions are not met in this scope.,ESTABLISHED,Continue normal monitoring.,slow-moving-multifactor-v1
118,Movement Platter,5,,GLOBAL,NOT_SLOW,NONE,"{""active_months"": 12, ""contribution"": 7635477.33, ""days_since_last_purchase"": 1, ""global_sales"": 6261, ""history_days"": 366, ""location_context"": ""GLOBAL"", ""order_frequency_percentile"": 0.4467, ""orders"": 4444, ""orders_per_30_days"": 364.26, ""profit_percent"": 60.72, ""recent_trend_percent"": 76.46, ""repeat_purchase_rate"": 0.0879, ""sales"": 6261, ""seasonal_top3_month_share"": 0.3177, ""volume_percentile"": 0.47, ""wastage_percent"": 4.46}",The combined slow-moving conditions are not met in this scope.,ESTABLISHED,Continue normal monitoring.,slow-moving-multifactor-v1
22,Plan Combo,2,,GLOBAL,NOT_SLOW,NONE,"{""active_months"": 12, ""contribution"": 6063622.54, ""days_since_last_purchase"": 1, ""global_sales"": 7551, ""history_days"": 366, ""location_context"": ""GLOBAL"", ""order_frequency_percentile"": 0.8933, ""orders"": 5325, ""orders_per_30_days"": 436.48, ""profit_percent"": 48.28, ""recent_trend_percent"": -30.99, ""repeat_purchase_rate"": 0.0926, ""sales"": 7551, ""seasonal_top3_month_share"": 0.3965, ""volume_percentile"": 0.8933, ""wastage_percent"": 4.39}",The combined slow-moving conditions are not met in this scope.,ESTABLISHED,Continue normal monitoring.,slow-moving-multifactor-v1
10,Level Combo,3,,GLOBAL,NOT_SLOW,NONE,"{""active_months"": 12, ""contribution"": 189910.0, ""days_since_last_purchase"": 1, ""global_sales"": 18991, ""history_days"": 366, ""location_context"": ""GLOBAL"", ""order_frequency_percentile"": 0.96, ""orders"": 12840, ""orders_per_30_days"": 1052.46, ""profit_percent"": 1.52, ""recent_trend_percent"": 44.33, ""repeat_purchase_rate"": 0.13, ""sales"": 18991, ""seasonal_top3_month_share"": 0.3089, ""volume_percentile"": 0.9467, ""wastage_percent"": 2.56}",The combined slow-moving conditions are not met in this scope.,ESTABLISHED,Continue normal monitoring.,slow-moving-multifactor-v1
63,This Platter,3,,GLOBAL,NOT_SLOW,NONE,"{""active_months"": 12, ""contribution"": 7647504.3, ""days_since_last_purchase"": 1, ""global_sales"": 6219, ""history_days"": 366, ""location_context"": ""GLOBAL"", ""order_frequency_percentile"": 0.1267, ""orders"": 4347, ""orders_per_30_days"": 356.31, ""profit_percent"": 61.86, ""recent_trend_percent"": 46.49, ""repeat_purchase_rate"": 0.094, ""sales"": 6219, ""seasonal_top3_month_share"": 0.3124, ""volume_percentile"": 0.3533, ""wastage_percent"": 4.25}",The combined slow-moving conditions are not met in this scope.,ESTABLISHED,Continue normal monitoring.,slow-moving-multifactor-v1
128,Hot Special,4,,GLOBAL,HIDDEN_OPPORTUNITY,LOW,"{""active_months"": 12, ""contribution"": 7008534.93, ""days_since_last_purchase"": 1, ""global_sales"": 6081, ""history_days"": 366, ""location_context"": ""GLOBAL"", ""order_frequency_percentile"": 0.1133, ""orders"": 4336, ""orders_per_30_days"": 355.41, ""profit_percent"": 57.18, ""recent_trend_percent"": 57.79, ""repeat_purchase_rate"": 0.0831, ""sales"": 6081, ""seasonal_top3_month_share"": 0.3106, ""volume_percentile"": 0.0733, ""wastage_percent"": 4.33}",Low relative volume with healthy contribution and quality or positive demand momentum.,ESTABLISHED,Test visibility and placement before reducing menu presence.,slow-moving-multifactor-v1
88,Language Combo,10,,GLOBAL,NOT_SLOW,NONE,"{""active_months"": 12, ""contribution"": 6656693.86, ""days_since_last_purchase"": 1, ""global_sales"": 6262, ""history_days"": 366, ""location_context"": ""GLOBAL"", ""order_frequency_percentile"": 0.3867, ""orders"": 4432, ""orders_per_30_days"": 363.28, ""profit_percent"": 54.4, ""recent_trend_percent"": 51.46, ""repeat_purchase_rate"": 0.0913, ""sales"": 6262, ""seasonal_top3_month_share"": 0.3116, ""volume_percentile"": 0.48, ""wastage_percent"": 4.19}",The combined slow-moving conditions are not met in this scope.,ESTABLISHED,Continue normal monitoring.,slow-moving-multifactor-v1
62,Few Special,3,,GLOBAL,NOT_SLOW,NONE,"{""active_months"": 12, ""contribution"": 7560117.5, ""days_since_last_purchase"": 1, ""global_sales"": 6287, ""history_days"": 366, ""location_context"": ""GLOBAL"", ""order_frequency_percentile"": 0.5133, ""orders"": 4456, ""orders_per_30_days"": 365.25, ""profit_percent"": 62.81, ""recent_trend_percent"": 43.42, ""repeat_purchase_rate"": 0.0948, ""sales"": 6287, ""seasonal_top3_month_share"": 0.3119, ""volume_percentile"": 0.5367, ""wastage_percent"": 4.42}",The combined slow-moving conditions are not met in this scope.,ESTABLISHED,Continue normal monitoring.,slow-moving-multifactor-v1
35,Pressure Classic,2,,GLOBAL,NOT_SLOW,NONE,"{""active_months"": 12, ""contribution"": 5678575.73, ""days_since_last_purchase"": 1, ""global_sales"": 7623, ""history_days"": 366, ""location_context"": ""GLOBAL"", ""order_frequency_percentile"": 0.9067, ""orders"": 5365, ""orders_per_30_days"": 439.75, ""profit_percent"": 48.04, ""recent_trend_percent"": 39.69, ""repeat_purchase_rate"": 0.095, ""sales"": 7623, ""seasonal_top3_month_share"": 0.4249, ""volume_percentile"": 0.9267, ""wastage_percent"": 3.82}",The combined slow-moving conditions are not met in this scope.,ESTABLISHED,Continue normal monitoring.,slow-moving-multifactor-v1
70,Central Classic,7,,GLOBAL,NOT_SLOW,NONE,"{""active_months"": 12, ""contribution"": 5665046.12, ""days_since_last_purchase"": 1, ""global_sales"": 6382, ""history_days"": 366, ""location_context"": ""GLOBAL"", ""order_frequency_percentile"": 0.7767, ""orders"": 4553, ""orders_per_30_days"": 373.2, ""profit_percent"": 50.0, ""recent_trend_percent"": 39.16, ""repeat_purchase_rate"": 0.087, ""sales"": 6382, ""seasonal_top3_month_share"": 0.3092, ""volume_percentile"": 0.74, ""wastage_percent"": 4.07}",The combined slow-moving conditions are not met in this scope.,ESTABLISHED,Continue normal monitoring.,slow-moving-multifactor-v1
25,Before Combo,6,,GLOBAL,NOT_SLOW,NONE,"{""active_months"": 12, ""contribution"": 6243804.46, ""days_since_last_purchase"": 1, ""global_sales"": 7258, ""history_days"": 366, ""location_context"": ""GLOBAL"", ""order_frequency_percentile"": 0.8333, ""orders"": 5171, ""orders_per_30_days"": 423.85, ""profit_percent"": 56.31, ""recent_trend_percent"": 51.6, ""repeat_purchase_rate"": 0.0924, ""sales"": 7258, ""seasonal_top3_month_share"": 0.4026, ""volume_percentile"": 0.8267, ""wastage_percent"": 3.84}",The combined slow-moving conditions are not met in this scope.,ESTABLISHED,Continue normal monitoring.,slow-moving-multifactor-v1
21,Industry Platter,4,,GLOBAL,NOT_SLOW,NONE,"{""active_months"": 12, ""contribution"": 5299104.25, ""days_since_last_purchase"": 1, ""global_sales"": 7315, ""history_days"": 366, ""location_context"": ""GLOBAL"", ""order_frequency_percentile"": 0.84, ""orders"": 5181, ""orders_per_30_days"": 424.67, ""profit_percent"": 48.35, ""recent_trend_percent"": 33.14, ""repeat_purchase_rate"": 0.0969, ""sales"": 7315, ""seasonal_top3_month_share"": 0.3889, ""volume_percentile"": 0.8333, ""wastage_percent"": 4.18}",The combined slow-moving conditions are not met in this scope.,ESTABLISHED,Continue normal monitoring.,slow-moving-multifactor-v1
86,Others Combo,1,,GLOBAL,HIDDEN_OPPORTUNITY,LOW,"{""active_months"": 12, ""contribution"": 6277684.12, ""days_since_last_purchase"": 1, ""global_sales"": 6203, ""history_days"": 366, ""location_context"": ""GLOBAL"", ""order_frequency_percentile"": 0.22, ""orders"": 4382, ""orders_per_30_days"": 359.18, ""profit_percent"": 57.34, ""recent_trend_percent"": 39.15, ""repeat_purchase_rate"": 0.0852, ""sales"": 6203, ""seasonal_top3_month_share"": 0.3097, ""volume_percentile"": 0.2933, ""wastage_percent"": 4.48}",Low relative volume with healthy contribution and quality or positive demand momentum.,ESTABLISHED,Test visibility and placement before reducing menu presence.,slow-moving-multifactor-v1
73,Against Special,6,,GLOBAL,HIDDEN_OPPORTUNITY,LOW,"{""active_months"": 12, ""contribution"": 6233131.47, ""days_since_last_purchase"": 1, ""global_sales"": 6207, ""history_days"": 366, ""location_context"": ""GLOBAL"", ""order_frequency_percentile"": 0.3133, ""orders"": 4419, ""orders_per_30_days"": 362.21, ""profit_percent"": 57.09, ""recent_trend_percent"": 45.35, ""repeat_purchase_rate"": 0.0845, ""sales"": 6207, ""seasonal_top3_month_share"": 0.3145, ""volume_percentile"": 0.3033, ""wastage_percent"": 4.06}",Low relative volume with healthy contribution and quality or positive demand momentum.,ESTABLISHED,Test visibility and placement before reducing menu presence.,slow-moving-multifactor-v1
52,Material Special,5,,GLOBAL,HIDDEN_OPPORTUNITY,LOW,"{""active_months"": 12, ""contribution"": 6838837.5, ""days_since_last_purchase"": 1, ""global_sales"": 6182, ""history_days"": 366, ""location_context"": ""GLOBAL"", ""order_frequency_percentile"": 0.35, ""orders"": 4422, ""orders_per_30_days"": 362.46, ""profit_percent"": 63.08, ""recent_trend_percent"": 52.6, ""repeat_purchase_rate"": 0.0866, ""sales"": 6182, ""seasonal_top3_month_share"": 0.3193, ""volume_percentile"": 0.2333, ""wastage_percent"": 4.38}",Low relative volume with healthy contribution and quality or positive demand momentum.,ESTABLISHED,Test visibility and placement before reducing menu presence.,slow-moving-multifactor-v1
98,Letter Special,8,,GLOBAL,HIDDEN_OPPORTUNITY,LOW,"{""active_months"": 12, ""contribution"": 6488808.76, ""days_since_last_purchase"": 1, ""global_sales"": 6172, ""history_days"": 366, ""location_context"": ""GLOBAL"", ""order_frequency_percentile"": 0.1333, ""orders"": 4354, ""orders_per_30_days"": 356.89, ""profit_percent"": 60.0, ""recent_trend_percent"": 47.61, ""repeat_purchase_rate"": 0.0868, ""sales"": 6172, ""seasonal_top3_month_share"": 0.3083, ""volume_percentile"": 0.2267, ""wastage_percent"": 4.07}",Low relative volume with healthy contribution and quality or positive demand momentum.,ESTABLISHED,Test visibility and placement before reducing menu presence.,slow-moving-multifactor-v1
111,Decision Special,2,,GLOBAL,WATCHLIST,LOW,"{""active_months"": 12, ""contribution"": 5400272.71, ""days_since_last_purchase"": 1, ""global_sales"": 6217, ""history_days"": 366, ""location_context"": ""GLOBAL"", ""order_frequency_percentile"": 0.1433, ""orders"": 4357, ""orders_per_30_days"": 357.13, ""profit_percent"": 50.0, ""recent_trend_percent"": 42.21, ""repeat_purchase_rate"": 0.0889, ""sales"": 6217, ""seasonal_top3_month_share"": 0.3058, ""volume_percentile"": 0.3467, ""wastage_percent"": 4.41}",Low relative volume and order frequency with weak repeats or economics; demand decline is unconfirmed.,ESTABLISHED,"Monitor trend, repeat purchasing, and waste before intervening.",slow-moving-multifactor-v1
97,Majority Combo,7,,GLOBAL,NOT_SLOW,NONE,"{""active_months"": 12, ""contribution"": 5394335.64, ""days_since_last_purchase"": 1, ""global_sales"": 6294, ""history_days"": 366, ""location_context"": ""GLOBAL"", ""order_frequency_percentile"": 0.6533, ""orders"": 4506, ""orders_per_30_days"": 369.34, ""profit_percent"": 50.0, ""recent_trend_percent"": 46.52, ""repeat_purchase_rate"": 0.0874, ""sales"": 6294, ""seasonal_top3_month_share"": 0.3135, ""volume_percentile"": 0.5533, ""wastage_percent"": 4.05}",The combined slow-moving conditions are not met in this scope.,ESTABLISHED,Continue normal monitoring.,slow-moving-multifactor-v1
31,Country Platter,7,,GLOBAL,NOT_SLOW,NONE,"{""active_months"": 12, ""contribution"": 5177657.15, ""days_since_last_purchase"": 1, ""global_sales"": 7405, ""history_days"": 366, ""location_context"": ""GLOBAL"", ""order_frequency_percentile"": 0.88, ""orders"": 5314, ""orders_per_30_days"": 435.57, ""profit_percent"": 48.06, ""recent_trend_percent"": 49.39, ""repeat_purchase_rate"": 0.09, ""sales"": 7405, ""seasonal_top3_month_share"": 0.4163, ""volume_percentile"": 0.8667, ""wastage_percent"": 4.41}",The combined slow-moving conditions are not met in this scope.,ESTABLISHED,Continue normal monitoring.,slow-moving-multifactor-v1
134,Unit Combo,2,,GLOBAL,WATCHLIST,LOW,"{""active_months"": 12, ""contribution"": 5370593.28, ""days_since_last_purchase"": 1, ""global_sales"": 6144, ""history_days"": 366, ""location_context"": ""GLOBAL"", ""order_frequency_percentile"": 0.1867, ""orders"": 4376, ""orders_per_30_days"": 358.69, ""profit_percent"": 50.0, ""recent_trend_percent"": 50.64, ""repeat_purchase_rate"": 0.0835, ""sales"": 6144, ""seasonal_top3_month_share"": 0.3206, ""volume_percentile"": 0.1667, ""wastage_percent"": 4.6}",Low relative volume and order frequency with weak repeats or economics; demand decline is unconfirmed.,ESTABLISHED,"Monitor trend, repeat purchasing, and waste before intervening.",slow-moving-multifactor-v1
144,Many Classic,4,,GLOBAL,NOT_SLOW,NONE,"{""active_months"": 12, ""contribution"": 5369328.75, ""days_since_last_purchase"": 1, ""global_sales"": 6315, ""history_days"": 366, ""location_context"": ""GLOBAL"", ""order_frequency_percentile"": 0.5933, ""orders"": 4486, ""orders_per_30_days"": 367.7, ""profit_percent"": 50.0, ""recent_trend_percent"": 47.74, ""repeat_purchase_rate"": 0.0875, ""sales"": 6315, ""seasonal_top3_month_share"": 0.3216, ""volume_percentile"": 0.6167, ""wastage_percent"": 4.36}",The combined slow-moving conditions are not met in this scope.,ESTABLISHED,Continue normal monitoring.,slow-moving-multifactor-v1
87,Forget Special,8,,GLOBAL,NOT_SLOW,NONE,"{""active_months"": 12, ""contribution"": 5331992.2, ""days_since_last_purchase"": 1, ""global_sales"": 6362, ""history_days"": 366, ""location_context"": ""GLOBAL"", ""order_frequency_percentile"": 0.58, ""orders"": 4482, ""orders_per_30_days"": 367.38, ""profit_percent"": 50.0, ""recent_trend_percent"": 53.09, ""repeat_purchase_rate"": 0.0872, ""sales"": 6362, ""seasonal_top3_month_share"": 0.3097, ""volume_percentile"": 0.7067, ""wastage_percent"": 4.36}",The combined slow-moving conditions are not met in this scope.,ESTABLISHED,Continue normal monitoring.,slow-moving-multifactor-v1
123,Six Combo,8,,GLOBAL,NOT_SLOW,NONE,"{""active_months"": 12, ""contribution"": 6044222.96, ""days_since_last_purchase"": 1, ""global_sales"": 6296, ""history_days"": 366, ""location_context"": ""GLOBAL"", ""order_frequency_percentile"": 0.6033, ""orders"": 4488, ""orders_per_30_days"": 367.87, ""profit_percent"": 57.19, ""recent_trend_percent"": 29.41, ""repeat_purchase_rate"": 0.0823, ""sales"": 6296, ""seasonal_top3_month_share"": 0.3032, ""volume_percentile"": 0.5667, ""wastage_percent"": 4.68}",The combined slow-moving conditions are not met in this scope.,ESTABLISHED,Continue normal monitoring.,slow-moving-multifactor-v1
106,Affect Platter,4,,GLOBAL,HIDDEN_OPPORTUNITY,LOW,"{""active_months"": 12, ""contribution"": 5844469.68, ""days_since_last_purchase"": 1, ""global_sales"": 6216, ""history_days"": 366, ""location_context"": ""GLOBAL"", ""order_frequency_percentile"": 0.4833, ""orders"": 4453, ""orders_per_30_days"": 365.0, ""profit_percent"": 56.09, ""recent_trend_percent"": 32.89, ""repeat_purchase_rate"": 0.097, ""sales"": 6216, ""seasonal_top3_month_share"": 0.31, ""volume_percentile"": 0.3367, ""wastage_percent"": 4.33}",Low relative volume with healthy contribution and quality or positive demand momentum.,ESTABLISHED,Test visibility and placement before reducing menu presence.,slow-moving-multifactor-v1
79,Probably Deluxe,8,,GLOBAL,HIDDEN_OPPORTUNITY,LOW,"{""active_months"": 12, ""contribution"": 5534704.59, ""days_since_last_purchase"": 1, ""global_sales"": 6187, ""history_days"": 366, ""location_context"": ""GLOBAL"", ""order_frequency_percentile"": 0.4267, ""orders"": 4438, ""orders_per_30_days"": 363.77, ""profit_percent"": 54.75, ""recent_trend_percent"": 40.08, ""repeat_purchase_rate"": 0.0808, ""sales"": 6187, ""seasonal_top3_month_share"": 0.3076, ""volume_percentile"": 0.2467, ""wastage_percent"": 4.12}",Low relative volume with healthy contribution and quality or positive demand momentum.,ESTABLISHED,Test visibility and placement before reducing menu presence.,slow-moving-multifactor-v1
89,Foot Classic,8,,GLOBAL,WATCHLIST,LOW,"{""active_months"": 12, ""contribution"": 5035334.96, ""days_since_last_purchase"": 1, ""global_sales"": 6148, ""history_days"": 366, ""location_context"": ""GLOBAL"", ""order_frequency_percentile"": 0.2067, ""orders"": 4380, ""orders_per_30_days"": 359.02, ""profit_percent"": 50.0, ""recent_trend_percent"": 35.03, ""repeat_purchase_rate"": 0.0875, ""sales"": 6148, ""seasonal_top3_month_share"": 0.2996, ""volume_percentile"": 0.18, ""wastage_percent"": 4.42}",Low relative volume and order frequency with weak repeats or economics; demand decline is unconfirmed.,ESTABLISHED,"Monitor trend, repeat purchasing, and waste before intervening.",slow-moving-multifactor-v1
44,Ability Classic,1,,GLOBAL,WATCHLIST,LOW,"{""active_months"": 12, ""contribution"": 4983185.68, ""days_since_last_purchase"": 1, ""global_sales"": 6094, ""history_days"": 366, ""location_context"": ""GLOBAL"", ""order_frequency_percentile"": 0.0667, ""orders"": 4318, ""orders_per_30_days"": 353.93, ""profit_percent"": 50.0, ""recent_trend_percent"": 30.43, ""repeat_purchase_rate"": 0.0818, ""sales"": 6094, ""seasonal_top3_month_share"": 0.3164, ""volume_percentile"": 0.0933, ""wastage_percent"": 3.99}",Low relative volume and order frequency with weak repeats or economics; demand decline is unconfirmed.,ESTABLISHED,"Monitor trend, repeat purchasing, and waste before intervening.",slow-moving-multifactor-v1
104,Hard Platter,8,,GLOBAL,NOT_SLOW,NONE,"{""active_months"": 12, ""contribution"": 4924580.22, ""days_since_last_purchase"": 1, ""global_sales"": 6363, ""history_days"": 366, ""location_context"": ""GLOBAL"", ""order_frequency_percentile"": 0.6933, ""orders"": 4521, ""orders_per_30_days"": 370.57, ""profit_percent"": 50.0, ""recent_trend_percent"": 21.48, ""repeat_purchase_rate"": 0.0884, ""sales"": 6363, ""seasonal_top3_month_share"": 0.3192, ""volume_percentile"": 0.7133, ""wastage_percent"": 4.47}",The combined slow-moving conditions are not met in this scope.,ESTABLISHED,Continue normal monitoring.,slow-moving-multifactor-v1
112,Explain Deluxe,10,,GLOBAL,NOT_SLOW,NONE,"{""active_months"": 12, ""contribution"": 4875642.44, ""days_since_last_purchase"": 1, ""global_sales"": 6308, ""history_days"": 366, ""location_context"": ""GLOBAL"", ""order_frequency_percentile"": 0.5267, ""orders"": 4466, ""orders_per_30_days"": 366.07, ""profit_percent"": 50.0, ""recent_trend_percent"": 56.29, ""repeat_purchase_rate"": 0.0885, ""sales"": 6308, ""seasonal_top3_month_share"": 0.3207, ""volume_percentile"": 0.5867, ""wastage_percent"": 4.09}",The combined slow-moving conditions are not met in this scope.,ESTABLISHED,Continue normal monitoring.,slow-moving-multifactor-v1
115,List Deluxe,8,,GLOBAL,NOT_SLOW,NONE,"{""active_months"": 12, ""contribution"": 4871929.5, ""days_since_last_purchase"": 1, ""global_sales"": 6354, ""history_days"": 366, ""location_context"": ""GLOBAL"", ""order_frequency_percentile"": 0.7467, ""orders"": 4541, ""orders_per_30_days"": 372.21, ""profit_percent"": 50.0, ""recent_trend_percent"": 46.03, ""repeat_purchase_rate"": 0.0926, ""sales"": 6354, ""seasonal_top3_month_share"": 0.3151, ""volume_percentile"": 0.68, ""wastage_percent"": 4.16}",The combined slow-moving conditions are not met in this scope.,ESTABLISHED,Continue normal monitoring.,slow-moving-multifactor-v1
113,Morning Platter,6,,GLOBAL,HIDDEN_OPPORTUNITY,LOW,"{""active_months"": 12, ""contribution"": 5195157.84, ""days_since_last_purchase"": 1, ""global_sales"": 6052, ""history_days"": 366, ""location_context"": ""GLOBAL"", ""order_frequency_percentile"": 0.0333, ""orders"": 4293, ""orders_per_30_days"": 351.89, ""profit_percent"": 53.46, ""recent_trend_percent"": 43.36, ""repeat_purchase_rate"": 0.088, ""sales"": 6052, ""seasonal_top3_month_share"": 0.3118, ""volume_percentile"": 0.0533, ""wastage_percent"": 4.18}",Low relative volume with healthy contribution and quality or positive demand momentum.,ESTABLISHED,Test visibility and placement before reducing menu presence.,slow-moving-multifactor-v1
105,Strong Deluxe,4,,GLOBAL,HIDDEN_OPPORTUNITY,LOW,"{""active_months"": 12, ""contribution"": 6184413.48, ""days_since_last_purchase"": 1, ""global_sales"": 6196, ""history_days"": 366, ""location_context"": ""GLOBAL"", ""order_frequency_percentile"": 0.1933, ""orders"": 4377, ""orders_per_30_days"": 358.77, ""profit_percent"": 64.28, ""recent_trend_percent"": 41.56, ""repeat_purchase_rate"": 0.0748, ""sales"": 6196, ""seasonal_top3_month_share"": 0.2962, ""volume_percentile"": 0.27, ""wastage_percent"": 4.18}",Low relative volume with healthy contribution and quality or positive demand momentum.,ESTABLISHED,Test visibility and placement before reducing menu presence.,slow-moving-multifactor-v1
66,Bag Deluxe,4,,GLOBAL,WATCHLIST,LOW,"{""active_months"": 12, ""contribution"": 4733989.96, ""days_since_last_purchase"": 1, ""global_sales"": 6209, ""history_days"": 366, ""location_context"": ""GLOBAL"", ""order_frequency_percentile"": 0.3067, ""orders"": 4413, ""orders_per_30_days"": 361.72, ""profit_percent"": 50.0, ""recent_trend_percent"": 47.36, ""repeat_purchase_rate"": 0.092, ""sales"": 6209, ""seasonal_top3_month_share"": 0.321, ""volume_percentile"": 0.3167, ""wastage_percent"": 4.34}",Low relative volume and order frequency with weak repeats or economics; demand decline is unconfirmed.,ESTABLISHED,"Monitor trend, repeat purchasing, and waste before intervening.",slow-moving-multifactor-v1
71,Bit Classic,2,,GLOBAL,NOT_SLOW,NONE,"{""active_months"": 12, ""contribution"": 4617216.62, ""days_since_last_purchase"": 1, ""global_sales"": 6241, ""history_days"": 366, ""location_context"": ""GLOBAL"", ""order_frequency_percentile"": 0.16, ""orders"": 4363, ""orders_per_30_days"": 357.62, ""profit_percent"": 50.0, ""recent_trend_percent"": 50.0, ""repeat_purchase_rate"": 0.0876, ""sales"": 6241, ""seasonal_top3_month_share"": 0.3173, ""volume_percentile"": 0.4167, ""wastage_percent"": 4.47}",The combined slow-moving conditions are not met in this scope.,ESTABLISHED,Continue normal monitoring.,slow-moving-multifactor-v1
81,House Platter,4,,GLOBAL,HIDDEN_OPPORTUNITY,LOW,"{""active_months"": 12, ""contribution"": 4933193.24, ""days_since_last_purchase"": 1, ""global_sales"": 6196, ""history_days"": 366, ""location_context"": ""GLOBAL"", ""order_frequency_percentile"": 0.28, ""orders"": 4402, ""orders_per_30_days"": 360.82, ""profit_percent"": 55.13, ""recent_trend_percent"": 44.28, ""repeat_purchase_rate"": 0.0905, ""sales"": 6196, ""seasonal_top3_month_share"": 0.3244, ""volume_percentile"": 0.27, ""wastage_percent"": 4.37}",Low relative volume with healthy contribution and quality or positive demand momentum.,ESTABLISHED,Test visibility and placement before reducing menu presence.,slow-moving-multifactor-v1
109,Popular Platter,3,,GLOBAL,HIDDEN_OPPORTUNITY,LOW,"{""active_months"": 12, ""contribution"": 5247863.52, ""days_since_last_purchase"": 1, ""global_sales"": 6096, ""history_days"": 366, ""location_context"": ""GLOBAL"", ""order_frequency_percentile"": 0.1533, ""orders"": 4359, ""orders_per_30_days"": 357.3, ""profit_percent"": 58.71, ""recent_trend_percent"": 38.21, ""repeat_purchase_rate"": 0.0795, ""sales"": 6096, ""seasonal_top3_month_share"": 0.3228, ""volume_percentile"": 0.1, ""wastage_percent"": 4.09}",Low relative volume with healthy contribution and quality or positive demand momentum.,ESTABLISHED,Test visibility and placement before reducing menu presence.,slow-moving-multifactor-v1
28,Role Platter,6,,GLOBAL,NOT_SLOW,NONE,"{""active_months"": 12, ""contribution"": 4300230.6, ""days_since_last_purchase"": 1, ""global_sales"": 7354, ""history_days"": 366, ""location_context"": ""GLOBAL"", ""order_frequency_percentile"": 0.8267, ""orders"": 5157, ""orders_per_30_days"": 422.7, ""profit_percent"": 48.4, ""recent_trend_percent"": 35.46, ""repeat_purchase_rate"": 0.0926, ""sales"": 7354, ""seasonal_top3_month_share"": 0.3803, ""volume_percentile"": 0.84, ""wastage_percent"": 4.33}",The combined slow-moving conditions are not met in this scope.,ESTABLISHED,Continue normal monitoring.,slow-moving-multifactor-v1
24,Control Special,9,,GLOBAL,NOT_SLOW,NONE,"{""active_months"": 12, ""contribution"": 4719524.0, ""days_since_last_purchase"": 1, ""global_sales"": 7630, ""history_days"": 366, ""location_context"": ""GLOBAL"", ""order_frequency_percentile"": 0.9133, ""orders"": 5376, ""orders_per_30_days"": 440.66, ""profit_percent"": 53.13, ""recent_trend_percent"": 60.38, ""repeat_purchase_rate"": 0.0977, ""sales"": 7630, ""seasonal_top3_month_share"": 0.4, ""volume_percentile"": 0.9333, ""wastage_percent"": 3.89}",The combined slow-moving conditions are not met in this scope.,ESTABLISHED,Continue normal monitoring.,slow-moving-multifactor-v1
54,Price Deluxe,9,,GLOBAL,NOT_SLOW,NONE,"{""active_months"": 12, ""contribution"": 4439642.71, ""days_since_last_purchase"": 1, ""global_sales"": 6451, ""history_days"": 366, ""location_context"": ""GLOBAL"", ""order_frequency_percentile"": 0.72, ""orders"": 4529, ""orders_per_30_days"": 371.23, ""profit_percent"": 50.0, ""recent_trend_percent"": 59.78, ""repeat_purchase_rate"": 0.0851, ""sales"": 6451, ""seasonal_top3_month_share"": 0.3085, ""volume_percentile"": 0.7733, ""wastage_percent"": 4.13}",The combined slow-moving conditions are not met in this scope.,ESTABLISHED,Continue normal monitoring.,slow-moving-multifactor-v1
90,Speak Deluxe,4,,GLOBAL,WATCHLIST,LOW,"{""active_months"": 12, ""contribution"": 4440688.0, ""days_since_last_purchase"": 1, ""global_sales"": 6200, ""history_days"": 366, ""location_context"": ""GLOBAL"", ""order_frequency_percentile"": 0.2133, ""orders"": 4381, ""orders_per_30_days"": 359.1, ""profit_percent"": 50.3, ""recent_trend_percent"": 58.61, ""repeat_purchase_rate"": 0.0879, ""sales"": 6200, ""seasonal_top3_month_share"": 0.3197, ""volume_percentile"": 0.28, ""wastage_percent"": 4.19}",Low relative volume and order frequency with weak repeats or economics; demand decline is unconfirmed.,ESTABLISHED,"Monitor trend, repeat purchasing, and waste before intervening.",slow-moving-multifactor-v1
96,Establish Classic,7,,GLOBAL,NOT_SLOW,NONE,"{""active_months"": 12, ""contribution"": 4986038.16, ""days_since_last_purchase"": 0, ""global_sales"": 6312, ""history_days"": 366, ""location_context"": ""GLOBAL"", ""order_frequency_percentile"": 0.66, ""orders"": 4511, ""orders_per_30_days"": 369.75, ""profit_percent"": 57.32, ""recent_trend_percent"": 51.32, ""repeat_purchase_rate"": 0.0881, ""sales"": 6312, ""seasonal_top3_month_share"": 0.3039, ""volume_percentile"": 0.5933, ""wastage_percent"": 4.12}",The combined slow-moving conditions are not met in this scope.,ESTABLISHED,Continue normal monitoring.,slow-moving-multifactor-v1
20,Tell Platter,6,,GLOBAL,NOT_SLOW,NONE,"{""active_months"": 12, ""contribution"": 4250023.88, ""days_since_last_purchase"": 1, ""global_sales"": 7369, ""history_days"": 366, ""location_context"": ""GLOBAL"", ""order_frequency_percentile"": 0.8533, ""orders"": 5248, ""orders_per_30_days"": 430.16, ""profit_percent"": 49.04, ""recent_trend_percent"": 39.12, ""repeat_purchase_rate"": 0.095, ""sales"": 7369, ""seasonal_top3_month_share"": 0.3961, ""volume_percentile"": 0.8533, ""wastage_percent"": 3.84}",The combined slow-moving conditions are not met in this scope.,ESTABLISHED,Continue normal monitoring.,slow-moving-multifactor-v1
27,Service Special,1,,GLOBAL,NOT_SLOW,NONE,"{""active_months"": 12, ""contribution"": 4150909.56, ""days_since_last_purchase"": 1, ""global_sales"": 7574, ""history_days"": 366, ""location_context"": ""GLOBAL"", ""order_frequency_percentile"": 0.9267, ""orders"": 5392, ""orders_per_30_days"": 441.97, ""profit_percent"": 48.1, ""recent_trend_percent"": 70.32, ""repeat_purchase_rate"": 0.0946, ""sales"": 7574, ""seasonal_top3_month_share"": 0.4189, ""volume_percentile"": 0.9133, ""wastage_percent"": 4.03}",The combined slow-moving conditions are not met in this scope.,ESTABLISHED,Continue normal monitoring.,slow-moving-multifactor-v1
32,Trouble Platter,2,,GLOBAL,NOT_SLOW,NONE,"{""active_months"": 12, ""contribution"": 5078595.6, ""days_since_last_purchase"": 1, ""global_sales"": 7358, ""history_days"": 366, ""location_context"": ""GLOBAL"", ""order_frequency_percentile"": 0.82, ""orders"": 5152, ""orders_per_30_days"": 422.3, ""profit_percent"": 60.09, ""recent_trend_percent"": 50.92, ""repeat_purchase_rate"": 0.095, ""sales"": 7358, ""seasonal_top3_month_share"": 0.3992, ""volume_percentile"": 0.8467, ""wastage_percent"": 3.87}",The combined slow-moving conditions are not met in this scope.,ESTABLISHED,Continue normal monitoring.,slow-moving-multifactor-v1
65,History Platter,8,,GLOBAL,WATCHLIST,LOW,"{""active_months"": 12, ""contribution"": 4183516.44, ""days_since_last_purchase"": 1, ""global_sales"": 6189, ""history_days"": 366, ""location_context"": ""GLOBAL"", ""order_frequency_percentile"": 0.24, ""orders"": 4386, ""orders_per_30_days"": 359.51, ""profit_percent"": 50.0, ""recent_trend_percent"": 69.66, ""repeat_purchase_rate"": 0.088, ""sales"": 6189, ""seasonal_top3_month_share"": 0.3254, ""volume_percentile"": 0.2533, ""wastage_percent"": 4.61}",Low relative volume and order frequency with weak repeats or economics; demand decline is unconfirmed.,ESTABLISHED,"Monitor trend, repeat purchasing, and waste before intervening.",slow-moving-multifactor-v1
80,Specific Special,2,,GLOBAL,WATCHLIST,LOW,"{""active_months"": 12, ""contribution"": 4314048.48, ""days_since_last_purchase"": 1, ""global_sales"": 6158, ""history_days"": 366, ""location_context"": ""GLOBAL"", ""order_frequency_percentile"": 0.1433, ""orders"": 4357, ""orders_per_30_days"": 357.13, ""profit_percent"": 51.61, ""recent_trend_percent"": 65.14, ""repeat_purchase_rate"": 0.088, ""sales"": 6158, ""seasonal_top3_month_share"": 0.3235, ""volume_percentile"": 0.19, ""wastage_percent"": 4.2}",Low relative volume and order frequency with weak repeats or economics; demand decline is unconfirmed.,ESTABLISHED,"Monitor trend, repeat purchasing, and waste before intervening.",slow-moving-multifactor-v1
77,High Special,10,,GLOBAL,NOT_SLOW,NONE,"{""active_months"": 12, ""contribution"": 4166600.1, ""days_since_last_purchase"": 1, ""global_sales"": 6423, ""history_days"": 366, ""location_context"": ""GLOBAL"", ""order_frequency_percentile"": 0.7067, ""orders"": 4526, ""orders_per_30_days"": 370.98, ""profit_percent"": 50.0, ""recent_trend_percent"": 50.62, ""repeat_purchase_rate"": 0.0849, ""sales"": 6423, ""seasonal_top3_month_share"": 0.3022, ""volume_percentile"": 0.7467, ""wastage_percent"": 4.67}",The combined slow-moving conditions are not met in this scope.,ESTABLISHED,Continue normal monitoring.,slow-moving-multifactor-v1
83,Reduce Platter,8,,GLOBAL,NOT_SLOW,NONE,"{""active_months"": 12, ""contribution"": 5054084.7, ""days_since_last_purchase"": 1, ""global_sales"": 6339, ""history_days"": 366, ""location_context"": ""GLOBAL"", ""order_frequency_percentile"": 0.4833, ""orders"": 4453, ""orders_per_30_days"": 365.0, ""profit_percent"": 61.16, ""recent_trend_percent"": 53.77, ""repeat_purchase_rate"": 0.0882, ""sales"": 6339, ""seasonal_top3_month_share"": 0.3109, ""volume_percentile"": 0.66, ""wastage_percent"": 3.94}",The combined slow-moving conditions are not met in this scope.,ESTABLISHED,Continue normal monitoring.,slow-moving-multifactor-v1
48,Skin Platter,2,,GLOBAL,NOT_SLOW,NONE,"{""active_months"": 12, ""contribution"": 4390572.94, ""days_since_last_purchase"": 1, ""global_sales"": 6229, ""history_days"": 366, ""location_context"": ""GLOBAL"", ""order_frequency_percentile"": 0.44, ""orders"": 4442, ""orders_per_30_days"": 364.1, ""profit_percent"": 53.37, ""recent_trend_percent"": 55.91, ""repeat_purchase_rate"": 0.082, ""sales"": 6229, ""seasonal_top3_month_share"": 0.3195, ""volume_percentile"": 0.39, ""wastage_percent"": 4.26}",The combined slow-moving conditions are not met in this scope.,ESTABLISHED,Continue normal monitoring.,slow-moving-multifactor-v1
94,Either Combo,6,,GLOBAL,WATCHLIST,LOW,"{""active_months"": 12, ""contribution"": 4101973.54, ""days_since_last_purchase"": 0, ""global_sales"": 6034, ""history_days"": 366, ""location_context"": ""GLOBAL"", ""order_frequency_percentile"": 0.0867, ""orders"": 4327, ""orders_per_30_days"": 354.67, ""profit_percent"": 50.0, ""recent_trend_percent"": 47.05, ""repeat_purchase_rate"": 0.0873, ""sales"": 6034, ""seasonal_top3_month_share"": 0.3184, ""volume_percentile"": 0.04, ""wastage_percent"": 4.54}",Low relative volume and order frequency with weak repeats or economics; demand decline is unconfirmed.,ESTABLISHED,"Monitor trend, repeat purchasing, and waste before intervening.",slow-moving-multifactor-v1
114,Certain Deluxe,1,,GLOBAL,NOT_SLOW,NONE,"{""active_months"": 12, ""contribution"": 4094589.18, ""days_since_last_purchase"": 1, ""global_sales"": 6337, ""history_days"": 366, ""location_context"": ""GLOBAL"", ""order_frequency_percentile"": 0.54, ""orders"": 4470, ""orders_per_30_days"": 366.39, ""profit_percent"": 50.0, ""recent_trend_percent"": 58.84, ""repeat_purchase_rate"": 0.0877, ""sales"": 6337, ""seasonal_top3_month_share"": 0.3118, ""volume_percentile"": 0.6533, ""wastage_percent"": 4.55}",The combined slow-moving conditions are not met in this scope.,ESTABLISHED,Continue normal monitoring.,slow-moving-multifactor-v1
47,Mr Deluxe,2,,GLOBAL,NOT_SLOW,NONE,"{""active_months"": 12, ""contribution"": 4089331.35, ""days_since_last_purchase"": 1, ""global_sales"": 6255, ""history_days"": 366, ""location_context"": ""GLOBAL"", ""order_frequency_percentile"": 0.6733, ""orders"": 4516, ""orders_per_30_days"": 370.16, ""profit_percent"": 50.0, ""recent_trend_percent"": 53.32, ""repeat_purchase_rate"": 0.0837, ""sales"": 6255, ""seasonal_top3_month_share"": 0.3098, ""volume_percentile"": 0.4533, ""wastage_percent"": 4.15}",The combined slow-moving conditions are not met in this scope.,ESTABLISHED,Continue normal monitoring.,slow-moving-multifactor-v1
23,Raise Combo,9,,GLOBAL,NOT_SLOW,NONE,"{""active_months"": 12, ""contribution"": 3865395.97, ""days_since_last_purchase"": 1, ""global_sales"": 7562, ""history_days"": 366, ""location_context"": ""GLOBAL"", ""order_frequency_percentile"": 0.8867, ""orders"": 5319, ""orders_per_30_days"": 435.98, ""profit_percent"": 48.19, ""recent_trend_percent"": 74.77, ""repeat_purchase_rate"": 0.0948, ""sales"": 7562, ""seasonal_top3_month_share"": 0.4208, ""volume_percentile"": 0.9, ""wastage_percent"": 3.91}",The combined slow-moving conditions are not met in this scope.,ESTABLISHED,Continue normal monitoring.,slow-moving-multifactor-v1
34,Open Special,5,,GLOBAL,NOT_SLOW,NONE,"{""active_months"": 12, ""contribution"": 3877289.55, ""days_since_last_purchase"": 1, ""global_sales"": 7495, ""history_days"": 366, ""location_context"": ""GLOBAL"", ""order_frequency_percentile"": 0.8667, ""orders"": 5262, ""orders_per_30_days"": 431.31, ""profit_percent"": 48.37, ""recent_trend_percent"": -24.11, ""repeat_purchase_rate"": 0.0949, ""sales"": 7495, ""seasonal_top3_month_share"": 0.382, ""volume_percentile"": 0.88, ""wastage_percent"": 3.46}",The combined slow-moving conditions are not met in this scope.,ESTABLISHED,Continue normal monitoring.,slow-moving-multifactor-v1
67,Onto Deluxe,2,,GLOBAL,NOT_SLOW,NONE,"{""active_months"": 12, ""contribution"": 3944942.32, ""days_since_last_purchase"": 1, ""global_sales"": 6116, ""history_days"": 366, ""location_context"": ""GLOBAL"", ""order_frequency_percentile"": 0.3867, ""orders"": 4432, ""orders_per_30_days"": 363.28, ""profit_percent"": 50.0, ""recent_trend_percent"": 40.08, ""repeat_purchase_rate"": 0.0888, ""sales"": 6116, ""seasonal_top3_month_share"": 0.3182, ""volume_percentile"": 0.1333, ""wastage_percent"": 3.97}",The combined slow-moving conditions are not met in this scope.,ESTABLISHED,Continue normal monitoring.,slow-moving-multifactor-v1
26,Court Special,2,,GLOBAL,NOT_SLOW,NONE,"{""active_months"": 12, ""contribution"": 3753269.0, ""days_since_last_purchase"": 1, ""global_sales"": 7478, ""history_days"": 366, ""location_context"": ""GLOBAL"", ""order_frequency_percentile"": 0.86, ""orders"": 5254, ""orders_per_30_days"": 430.66, ""profit_percent"": 48.26, ""recent_trend_percent"": -32.48, ""repeat_purchase_rate"": 0.0961, ""sales"": 7478, ""seasonal_top3_month_share"": 0.3903, ""volume_percentile"": 0.8733, ""wastage_percent"": 4.01}",The combined slow-moving conditions are not met in this scope.,ESTABLISHED,Continue normal monitoring.,slow-moving-multifactor-v1
84,Box Combo,8,,GLOBAL,WATCHLIST,LOW,"{""active_months"": 12, ""contribution"": 3771881.52, ""days_since_last_purchase"": 1, ""global_sales"": 6061, ""history_days"": 366, ""location_context"": ""GLOBAL"", ""order_frequency_percentile"": 0.0733, ""orders"": 4319, ""orders_per_30_days"": 354.02, ""profit_percent"": 50.0, ""recent_trend_percent"": 39.3, ""repeat_purchase_rate"": 0.0861, ""sales"": 6061, ""seasonal_top3_month_share"": 0.3085, ""volume_percentile"": 0.06, ""wastage_percent"": 4.19}",Low relative volume and order frequency with weak repeats or economics; demand decline is unconfirmed.,ESTABLISHED,"Monitor trend, repeat purchasing, and waste before intervening.",slow-moving-multifactor-v1
60,Enough Platter,6,,GLOBAL,NOT_SLOW,NONE,"{""active_months"": 12, ""contribution"": 4670652.42, ""days_since_last_purchase"": 1, ""global_sales"": 6489, ""history_days"": 366, ""location_context"": ""GLOBAL"", ""order_frequency_percentile"": 0.7633, ""orders"": 4548, ""orders_per_30_days"": 372.79, ""profit_percent"": 62.96, ""recent_trend_percent"": 44.16, ""repeat_purchase_rate"": 0.0848, ""sales"": 6489, ""seasonal_top3_month_share"": 0.3085, ""volume_percentile"": 0.82, ""wastage_percent"": 4.28}",The combined slow-moving conditions are not met in this scope.,ESTABLISHED,Continue normal monitoring.,slow-moving-multifactor-v1
136,Car Special,2,,GLOBAL,NOT_SLOW,NONE,"{""active_months"": 12, ""contribution"": 3679368.03, ""days_since_last_purchase"": 0, ""global_sales"": 6431, ""history_days"": 366, ""location_context"": ""GLOBAL"", ""order_frequency_percentile"": 0.8067, ""orders"": 4572, ""orders_per_30_days"": 374.75, ""profit_percent"": 50.0, ""recent_trend_percent"": 45.16, ""repeat_purchase_rate"": 0.0845, ""sales"": 6431, ""seasonal_top3_month_share"": 0.3146, ""volume_percentile"": 0.7633, ""wastage_percent"": 4.19}",The combined slow-moving conditions are not met in this scope.,ESTABLISHED,Continue normal monitoring.,slow-moving-multifactor-v1
138,Owner Deluxe,10,,GLOBAL,NOT_SLOW,NONE,"{""active_months"": 12, ""contribution"": 4569820.64, ""days_since_last_purchase"": 1, ""global_sales"": 6314, ""history_days"": 366, ""location_context"": ""GLOBAL"", ""order_frequency_percentile"": 0.64, ""orders"": 4502, ""orders_per_30_days"": 369.02, ""profit_percent"": 62.44, ""recent_trend_percent"": 42.83, ""repeat_purchase_rate"": 0.0878, ""sales"": 6314, ""seasonal_top3_month_share"": 0.3147, ""volume_percentile"": 0.6067, ""wastage_percent"": 4.52}",The combined slow-moving conditions are not met in this scope.,ESTABLISHED,Continue normal monitoring.,slow-moving-multifactor-v1
149,Firm Special,10,,GLOBAL,WATCHLIST,LOW,"{""active_months"": 12, ""contribution"": 3657126.93, ""days_since_last_purchase"": 1, ""global_sales"": 6067, ""history_days"": 366, ""location_context"": ""GLOBAL"", ""order_frequency_percentile"": 0.1033, ""orders"": 4334, ""orders_per_30_days"": 355.25, ""profit_percent"": 50.0, ""recent_trend_percent"": 44.1, ""repeat_purchase_rate"": 0.085, ""sales"": 6067, ""seasonal_top3_month_share"": 0.3054, ""volume_percentile"": 0.0667, ""wastage_percent"": 4.65}",Low relative volume and order frequency with weak repeats or economics; demand decline is unconfirmed.,ESTABLISHED,"Monitor trend, repeat purchasing, and waste before intervening.",slow-moving-multifactor-v1
72,Hold Combo,1,,GLOBAL,NOT_SLOW,NONE,"{""active_months"": 12, ""contribution"": 3646656.84, ""days_since_last_purchase"": 1, ""global_sales"": 6261, ""history_days"": 366, ""location_context"": ""GLOBAL"", ""order_frequency_percentile"": 0.56, ""orders"": 4475, ""orders_per_30_days"": 366.8, ""profit_percent"": 50.0, ""recent_trend_percent"": 54.89, ""repeat_purchase_rate"": 0.0828, ""sales"": 6261, ""seasonal_top3_month_share"": 0.314, ""volume_percentile"": 0.47, ""wastage_percent"": 4.31}",The combined slow-moving conditions are not met in this scope.,ESTABLISHED,Continue normal monitoring.,slow-moving-multifactor-v1
143,Believe Deluxe,10,,GLOBAL,NOT_SLOW,NONE,"{""active_months"": 12, ""contribution"": 4131677.76, ""days_since_last_purchase"": 1, ""global_sales"": 6328, ""history_days"": 366, ""location_context"": ""GLOBAL"", ""order_frequency_percentile"": 0.6833, ""orders"": 4518, ""orders_per_30_days"": 370.33, ""profit_percent"": 57.1, ""recent_trend_percent"": 28.66, ""repeat_purchase_rate"": 0.0859, ""sales"": 6328, ""seasonal_top3_month_share"": 0.3034, ""volume_percentile"": 0.6433, ""wastage_percent"": 4.05}",The combined slow-moving conditions are not met in this scope.,ESTABLISHED,Continue normal monitoring.,slow-moving-multifactor-v1
78,Measure Deluxe,5,,GLOBAL,HIDDEN_OPPORTUNITY,LOW,"{""active_months"": 12, ""contribution"": 4381285.44, ""days_since_last_purchase"": 1, ""global_sales"": 6216, ""history_days"": 366, ""location_context"": ""GLOBAL"", ""order_frequency_percentile"": 0.36, ""orders"": 4425, ""orders_per_30_days"": 362.7, ""profit_percent"": 60.79, ""recent_trend_percent"": 27.92, ""repeat_purchase_rate"": 0.0856, ""sales"": 6216, ""seasonal_top3_month_share"": 0.3092, ""volume_percentile"": 0.3367, ""wastage_percent"": 4.43}",Low relative volume with healthy contribution and quality or positive demand momentum.,ESTABLISHED,Test visibility and placement before reducing menu presence.,slow-moving-multifactor-v1
141,Effort Combo,8,,GLOBAL,NOT_SLOW,NONE,"{""active_months"": 12, ""contribution"": 3550317.05, ""days_since_last_purchase"": 1, ""global_sales"": 6295, ""history_days"": 366, ""location_context"": ""GLOBAL"", ""order_frequency_percentile"": 0.3667, ""orders"": 4430, ""orders_per_30_days"": 363.11, ""profit_percent"": 50.0, ""recent_trend_percent"": 37.71, ""repeat_purchase_rate"": 0.0842, ""sales"": 6295, ""seasonal_top3_month_share"": 0.3106, ""volume_percentile"": 0.56, ""wastage_percent"": 4.36}",The combined slow-moving conditions are not met in this scope.,ESTABLISHED,Continue normal monitoring.,slow-moving-multifactor-v1
42,Pay Classic,2,,GLOBAL,NOT_SLOW,NONE,"{""active_months"": 12, ""contribution"": 3541179.72, ""days_since_last_purchase"": 1, ""global_sales"": 6458, ""history_days"": 366, ""location_context"": ""GLOBAL"", ""order_frequency_percentile"": 0.7633, ""orders"": 4548, ""orders_per_30_days"": 372.79, ""profit_percent"": 50.0, ""recent_trend_percent"": 45.99, ""repeat_purchase_rate"": 0.0918, ""sales"": 6458, ""seasonal_top3_month_share"": 0.3111, ""volume_percentile"": 0.7867, ""wastage_percent"": 4.07}",The combined slow-moving conditions are not met in this scope.,ESTABLISHED,Continue normal monitoring.,slow-moving-multifactor-v1
57,Child Classic,1,,GLOBAL,HIDDEN_OPPORTUNITY,LOW,"{""active_months"": 12, ""contribution"": 4061091.6, ""days_since_last_purchase"": 1, ""global_sales"": 6210, ""history_days"": 366, ""location_context"": ""GLOBAL"", ""order_frequency_percentile"": 0.4633, ""orders"": 4451, ""orders_per_30_days"": 364.84, ""profit_percent"": 57.6, ""recent_trend_percent"": 58.13, ""repeat_purchase_rate"": 0.0889, ""sales"": 6210, ""seasonal_top3_month_share"": 0.3132, ""volume_percentile"": 0.3267, ""wastage_percent"": 4.46}",Low relative volume with healthy contribution and quality or positive demand momentum.,ESTABLISHED,Test visibility and placement before reducing menu presence.,slow-moving-multifactor-v1
116,Kind Deluxe,10,,GLOBAL,HIDDEN_OPPORTUNITY,LOW,"{""active_months"": 12, ""contribution"": 4111080.8, ""days_since_last_purchase"": 1, ""global_sales"": 6158, ""history_days"": 366, ""location_context"": ""GLOBAL"", ""order_frequency_percentile"": 0.2867, ""orders"": 4403, ""orders_per_30_days"": 360.9, ""profit_percent"": 58.35, ""recent_trend_percent"": 48.7, ""repeat_purchase_rate"": 0.0913, ""sales"": 6158, ""seasonal_top3_month_share"": 0.3207, ""volume_percentile"": 0.19, ""wastage_percent"": 3.95}",Low relative volume with healthy contribution and quality or positive demand momentum.,ESTABLISHED,Test visibility and placement before reducing menu presence.,slow-moving-multifactor-v1
132,Agree Special,8,,GLOBAL,NOT_SLOW,NONE,"{""active_months"": 12, ""contribution"": 3518379.54, ""days_since_last_purchase"": 1, ""global_sales"": 6227, ""history_days"": 366, ""location_context"": ""GLOBAL"", ""order_frequency_percentile"": 0.2933, ""orders"": 4404, ""orders_per_30_days"": 360.98, ""profit_percent"": 50.0, ""recent_trend_percent"": 49.69, ""repeat_purchase_rate"": 0.089, ""sales"": 6227, ""seasonal_top3_month_share"": 0.3098, ""volume_percentile"": 0.38, ""wastage_percent"": 4.21}",The combined slow-moving conditions are not met in this scope.,ESTABLISHED,Continue normal monitoring.,slow-moving-multifactor-v1
108,Under Deluxe,6,,GLOBAL,WATCHLIST,LOW,"{""active_months"": 12, ""contribution"": 3484864.36, ""days_since_last_purchase"": 1, ""global_sales"": 6082, ""history_days"": 366, ""location_context"": ""GLOBAL"", ""order_frequency_percentile"": 0.06, ""orders"": 4314, ""orders_per_30_days"": 353.61, ""profit_percent"": 50.0, ""recent_trend_percent"": 56.24, ""repeat_purchase_rate"": 0.082, ""sales"": 6082, ""seasonal_top3_month_share"": 0.3218, ""volume_percentile"": 0.08, ""wastage_percent"": 4.73}",Low relative volume and order frequency with weak repeats or economics; demand decline is unconfirmed.,ESTABLISHED,"Monitor trend, repeat purchasing, and waste before intervening.",slow-moving-multifactor-v1
93,Building Special,7,,GLOBAL,NOT_SLOW,NONE,"{""active_months"": 12, ""contribution"": 3455559.75, ""days_since_last_purchase"": 0, ""global_sales"": 6225, ""history_days"": 366, ""location_context"": ""GLOBAL"", ""order_frequency_percentile"": 0.3733, ""orders"": 4431, ""orders_per_30_days"": 363.2, ""profit_percent"": 50.0, ""recent_trend_percent"": 31.49, ""repeat_purchase_rate"": 0.0754, ""sales"": 6225, ""seasonal_top3_month_share"": 0.3178, ""volume_percentile"": 0.3667, ""wastage_percent"": 4.22}",The combined slow-moving conditions are not met in this scope.,ESTABLISHED,Continue normal monitoring.,slow-moving-multifactor-v1
126,Public Combo,5,,GLOBAL,WATCHLIST,LOW,"{""active_months"": 12, ""contribution"": 3449339.91, ""days_since_last_purchase"": 1, ""global_sales"": 6129, ""history_days"": 366, ""location_context"": ""GLOBAL"", ""order_frequency_percentile"": 0.12, ""orders"": 4343, ""orders_per_30_days"": 355.98, ""profit_percent"": 50.0, ""recent_trend_percent"": 46.31, ""repeat_purchase_rate"": 0.0907, ""sales"": 6129, ""seasonal_top3_month_share"": 0.3111, ""volume_percentile"": 0.1467, ""wastage_percent"": 4.56}",Low relative volume and order frequency with weak repeats or economics; demand decline is unconfirmed.,ESTABLISHED,"Monitor trend, repeat purchasing, and waste before intervening.",slow-moving-multifactor-v1
16,Later Deluxe,2,,GLOBAL,NOT_SLOW,NONE,"{""active_months"": 12, ""contribution"": 3437980.6, ""days_since_last_purchase"": 1, ""global_sales"": 6220, ""history_days"": 366, ""location_context"": ""GLOBAL"", ""order_frequency_percentile"": 0.2733, ""orders"": 4398, ""orders_per_30_days"": 360.49, ""profit_percent"": 50.0, ""recent_trend_percent"": 54.82, ""repeat_purchase_rate"": 0.0772, ""sales"": 6220, ""seasonal_top3_month_share"": 0.3124, ""volume_percentile"": 0.36, ""wastage_percent"": 4.04}",The combined slow-moving conditions are not met in this scope.,ESTABLISHED,Continue normal monitoring.,slow-moving-multifactor-v1
18,Door Deluxe,9,,GLOBAL,NOT_SLOW,NONE,"{""active_months"": 12, ""contribution"": 3410133.0, ""days_since_last_purchase"": 1, ""global_sales"": 6425, ""history_days"": 366, ""location_context"": ""GLOBAL"", ""order_frequency_percentile"": 0.73, ""orders"": 4533, ""orders_per_30_days"": 371.56, ""profit_percent"": 50.0, ""recent_trend_percent"": 32.7, ""repeat_purchase_rate"": 0.0776, ""sales"": 6425, ""seasonal_top3_month_share"": 0.3041, ""volume_percentile"": 0.7533, ""wastage_percent"": 4.43}",The combined slow-moving conditions are not met in this scope.,ESTABLISHED,Continue normal monitoring.,slow-moving-multifactor-v1
15,Wide Platter,2,,GLOBAL,NOT_SLOW,NONE,"{""active_months"": 12, ""contribution"": 3406266.36, ""days_since_last_purchase"": 1, ""global_sales"": 6229, ""history_days"": 366, ""location_context"": ""GLOBAL"", ""order_frequency_percentile"": 0.5, ""orders"": 4454, ""orders_per_30_days"": 365.08, ""profit_percent"": 50.0, ""recent_trend_percent"": 46.46, ""repeat_purchase_rate"": 0.096, ""sales"": 6229, ""seasonal_top3_month_share"": 0.3111, ""volume_percentile"": 0.39, ""wastage_percent"": 4.14}",The combined slow-moving conditions are not met in this scope.,ESTABLISHED,Continue normal monitoring.,slow-moving-multifactor-v1
117,Keep Combo,10,,GLOBAL,WATCHLIST,LOW,"{""active_months"": 12, ""contribution"": 3426093.96, ""days_since_last_purchase"": 1, ""global_sales"": 6036, ""history_days"": 366, ""location_context"": ""GLOBAL"", ""order_frequency_percentile"": 0.0267, ""orders"": 4291, ""orders_per_30_days"": 351.72, ""profit_percent"": 50.62, ""recent_trend_percent"": 28.31, ""repeat_purchase_rate"": 0.0833, ""sales"": 6036, ""seasonal_top3_month_share"": 0.3035, ""volume_percentile"": 0.0467, ""wastage_percent"": 3.99}",Low relative volume and order frequency with weak repeats or economics; demand decline is unconfirmed.,ESTABLISHED,"Monitor trend, repeat purchasing, and waste before intervening.",slow-moving-multifactor-v1
64,Sign Special,5,,GLOBAL,HIDDEN_OPPORTUNITY,LOW,"{""active_months"": 12, ""contribution"": 4194200.85, ""days_since_last_purchase"": 1, ""global_sales"": 6195, ""history_days"": 366, ""location_context"": ""GLOBAL"", ""order_frequency_percentile"": 0.3367, ""orders"": 4421, ""orders_per_30_days"": 362.38, ""profit_percent"": 62.91, ""recent_trend_percent"": 38.19, ""repeat_purchase_rate"": 0.0844, ""sales"": 6195, ""seasonal_top3_month_share"": 0.3138, ""volume_percentile"": 0.26, ""wastage_percent"": 4.13}",Low relative volume with healthy contribution and quality or positive demand momentum.,ESTABLISHED,Test visibility and placement before reducing menu presence.,slow-moving-multifactor-v1
148,Position Platter,7,,GLOBAL,NOT_SLOW,NONE,"{""active_months"": 12, ""contribution"": 3305783.55, ""days_since_last_purchase"": 1, ""global_sales"": 6353, ""history_days"": 366, ""location_context"": ""GLOBAL"", ""order_frequency_percentile"": 0.54, ""orders"": 4470, ""orders_per_30_days"": 366.39, ""profit_percent"": 50.0, ""recent_trend_percent"": 50.32, ""repeat_purchase_rate"": 0.0915, ""sales"": 6353, ""seasonal_top3_month_share"": 0.3136, ""volume_percentile"": 0.6733, ""wastage_percent"": 3.8}",The combined slow-moving conditions are not met in this scope.,ESTABLISHED,Continue normal monitoring.,slow-moving-multifactor-v1
122,Statement Special,7,,GLOBAL,WATCHLIST,LOW,"{""active_months"": 12, ""contribution"": 3282866.76, ""days_since_last_purchase"": 1, ""global_sales"": 6108, ""history_days"": 366, ""location_context"": ""GLOBAL"", ""order_frequency_percentile"": 0.08, ""orders"": 4325, ""orders_per_30_days"": 354.51, ""profit_percent"": 50.0, ""recent_trend_percent"": 48.6, ""repeat_purchase_rate"": 0.0835, ""sales"": 6108, ""seasonal_top3_month_share"": 0.3027, ""volume_percentile"": 0.1133, ""wastage_percent"": 4.53}",Low relative volume and order frequency with weak repeats or economics; demand decline is unconfirmed.,ESTABLISHED,"Monitor trend, repeat purchasing, and waste before intervening.",slow-moving-multifactor-v1
120,Talk Combo,4,,GLOBAL,NOT_SLOW,NONE,"{""active_months"": 12, ""contribution"": 3271225.86, ""days_since_last_purchase"": 1, ""global_sales"": 6282, ""history_days"": 366, ""location_context"": ""GLOBAL"", ""order_frequency_percentile"": 0.6467, ""orders"": 4504, ""orders_per_30_days"": 369.18, ""profit_percent"": 50.0, ""recent_trend_percent"": 49.9, ""repeat_purchase_rate"": 0.0911, ""sales"": 6282, ""seasonal_top3_month_share"": 0.3203, ""volume_percentile"": 0.5267, ""wastage_percent"": 4.53}",The combined slow-moving conditions are not met in this scope.,ESTABLISHED,Continue normal monitoring.,slow-moving-multifactor-v1
37,Phone Combo,1,,GLOBAL,NOT_SLOW,NONE,"{""active_months"": 12, ""contribution"": 3269988.57, ""days_since_last_purchase"": 1, ""global_sales"": 6359, ""history_days"": 366, ""location_context"": ""GLOBAL"", ""order_frequency_percentile"": 0.63, ""orders"": 4499, ""orders_per_30_days"": 368.77, ""profit_percent"": 50.0, ""recent_trend_percent"": 16.85, ""repeat_purchase_rate"": 0.0917, ""sales"": 6359, ""seasonal_top3_month_share"": 0.3043, ""volume_percentile"": 0.69, ""wastage_percent"": 4.04}",The combined slow-moving conditions are not met in this scope.,ESTABLISHED,Continue normal monitoring.,slow-moving-multifactor-v1
49,Tend Deluxe,2,,GLOBAL,WATCHLIST,LOW,"{""active_months"": 12, ""contribution"": 3264342.06, ""days_since_last_purchase"": 1, ""global_sales"": 6166, ""history_days"": 366, ""location_context"": ""GLOBAL"", ""order_frequency_percentile"": 0.2467, ""orders"": 4388, ""orders_per_30_days"": 359.67, ""profit_percent"": 50.0, ""recent_trend_percent"": 59.4, ""repeat_purchase_rate"": 0.1022, ""sales"": 6166, ""seasonal_top3_month_share"": 0.3177, ""volume_percentile"": 0.2067, ""wastage_percent"": 4.48}",Low relative volume and order frequency with weak repeats or economics; demand decline is unconfirmed.,ESTABLISHED,"Monitor trend, repeat purchasing, and waste before intervening.",slow-moving-multifactor-v1
137,That Classic,4,,GLOBAL,NOT_SLOW,NONE,"{""active_months"": 12, ""contribution"": 3519274.99, ""days_since_last_purchase"": 0, ""global_sales"": 6377, ""history_days"": 366, ""location_context"": ""GLOBAL"", ""order_frequency_percentile"": 0.8133, ""orders"": 4575, ""orders_per_30_days"": 375.0, ""profit_percent"": 54.43, ""recent_trend_percent"": 42.37, ""repeat_purchase_rate"": 0.0846, ""sales"": 6377, ""seasonal_top3_month_share"": 0.3072, ""volume_percentile"": 0.7333, ""wastage_percent"": 4.64}",The combined slow-moving conditions are not met in this scope.,ESTABLISHED,Continue normal monitoring.,slow-moving-multifactor-v1
40,Expert Classic,9,,GLOBAL,NOT_SLOW,NONE,"{""active_months"": 12, ""contribution"": 4099973.46, ""days_since_last_purchase"": 1, ""global_sales"": 6278, ""history_days"": 366, ""location_context"": ""GLOBAL"", ""order_frequency_percentile"": 0.5, ""orders"": 4454, ""orders_per_30_days"": 365.08, ""profit_percent"": 63.68, ""recent_trend_percent"": 56.56, ""repeat_purchase_rate"": 0.0849, ""sales"": 6278, ""seasonal_top3_month_share"": 0.3238, ""volume_percentile"": 0.52, ""wastage_percent"": 4.4}",The combined slow-moving conditions are not met in this scope.,ESTABLISHED,Continue normal monitoring.,slow-moving-multifactor-v1
142,Teach Deluxe,5,,GLOBAL,NOT_SLOW,NONE,"{""active_months"": 12, ""contribution"": 3150738.53, ""days_since_last_purchase"": 1, ""global_sales"": 6271, ""history_days"": 366, ""location_context"": ""GLOBAL"", ""order_frequency_percentile"": 0.3867, ""orders"": 4432, ""orders_per_30_days"": 363.28, ""profit_percent"": 50.0, ""recent_trend_percent"": 27.66, ""repeat_purchase_rate"": 0.0881, ""sales"": 6271, ""seasonal_top3_month_share"": 0.3149, ""volume_percentile"": 0.4933, ""wastage_percent"": 4.17}",The combined slow-moving conditions are not met in this scope.,ESTABLISHED,Continue normal monitoring.,slow-moving-multifactor-v1
45,Up Classic,6,,GLOBAL,NOT_SLOW,NONE,"{""active_months"": 12, ""contribution"": 3403873.55, ""days_since_last_purchase"": 1, ""global_sales"": 6235, ""history_days"": 366, ""location_context"": ""GLOBAL"", ""order_frequency_percentile"": 0.4733, ""orders"": 4452, ""orders_per_30_days"": 364.92, ""profit_percent"": 54.03, ""recent_trend_percent"": 71.4, ""repeat_purchase_rate"": 0.0859, ""sales"": 6235, ""seasonal_top3_month_share"": 0.3322, ""volume_percentile"": 0.4067, ""wastage_percent"": 4.11}",The combined slow-moving conditions are not met in this scope.,ESTABLISHED,Continue normal monitoring.,slow-moving-multifactor-v1
147,Decide Combo,5,,GLOBAL,WATCHLIST,LOW,"{""active_months"": 12, ""contribution"": 3066794.8, ""days_since_last_purchase"": 1, ""global_sales"": 6115, ""history_days"": 366, ""location_context"": ""GLOBAL"", ""order_frequency_percentile"": 0.1033, ""orders"": 4334, ""orders_per_30_days"": 355.25, ""profit_percent"": 50.0, ""recent_trend_percent"": 65.03, ""repeat_purchase_rate"": 0.0847, ""sales"": 6115, ""seasonal_top3_month_share"": 0.3099, ""volume_percentile"": 0.1267, ""wastage_percent"": 4.11}",Low relative volume and order frequency with weak repeats or economics; demand decline is unconfirmed.,ESTABLISHED,"Monitor trend, repeat purchasing, and waste before intervening.",slow-moving-multifactor-v1
99,Possible Deluxe,7,,GLOBAL,NOT_SLOW,NONE,"{""active_months"": 12, ""contribution"": 3017696.64, ""days_since_last_purchase"": 1, ""global_sales"": 6328, ""history_days"": 366, ""location_context"": ""GLOBAL"", ""order_frequency_percentile"": 0.6667, ""orders"": 4514, ""orders_per_30_days"": 370.0, ""profit_percent"": 50.0, ""recent_trend_percent"": 30.15, ""repeat_purchase_rate"": 0.0797, ""sales"": 6328, ""seasonal_top3_month_share"": 0.2996, ""volume_percentile"": 0.6433, ""wastage_percent"": 4.31}",The combined slow-moving conditions are not met in this scope.,ESTABLISHED,Continue normal monitoring.,slow-moving-multifactor-v1
101,Race Platter,2,,GLOBAL,WATCHLIST,LOW,"{""active_months"": 12, ""contribution"": 3171743.47, ""days_since_last_purchase"": 1, ""global_sales"": 6209, ""history_days"": 366, ""location_context"": ""GLOBAL"", ""order_frequency_percentile"": 0.3367, ""orders"": 4421, ""orders_per_30_days"": 362.38, ""profit_percent"": 53.41, ""recent_trend_percent"": 40.82, ""repeat_purchase_rate"": 0.0966, ""sales"": 6209, ""seasonal_top3_month_share"": 0.307, ""volume_percentile"": 0.3167, ""wastage_percent"": 4.15}",Low relative volume and order frequency with weak repeats or economics; demand decline is unconfirmed.,ESTABLISHED,"Monitor trend, repeat purchasing, and waste before intervening.",slow-moving-multifactor-v1
95,Mrs Combo,7,,GLOBAL,WATCHLIST,LOW,"{""active_months"": 12, ""contribution"": 2855956.72, ""days_since_last_purchase"": 1, ""global_sales"": 6184, ""history_days"": 366, ""location_context"": ""GLOBAL"", ""order_frequency_percentile"": 0.2633, ""orders"": 4396, ""orders_per_30_days"": 360.33, ""profit_percent"": 50.0, ""recent_trend_percent"": 51.96, ""repeat_purchase_rate"": 0.0864, ""sales"": 6184, ""seasonal_top3_month_share"": 0.3132, ""volume_percentile"": 0.24, ""wastage_percent"": 4.3}",Low relative volume and order frequency with weak repeats or economics; demand decline is unconfirmed.,ESTABLISHED,"Monitor trend, repeat purchasing, and waste before intervening.",slow-moving-multifactor-v1
125,Road Deluxe,7,,GLOBAL,NOT_SLOW,NONE,"{""active_months"": 12, ""contribution"": 3025718.82, ""days_since_last_purchase"": 1, ""global_sales"": 6273, ""history_days"": 366, ""location_context"": ""GLOBAL"", ""order_frequency_percentile"": 0.4533, ""orders"": 4446, ""orders_per_30_days"": 364.43, ""profit_percent"": 53.06, ""recent_trend_percent"": 47.34, ""repeat_purchase_rate"": 0.083, ""sales"": 6273, ""seasonal_top3_month_share"": 0.3085, ""volume_percentile"": 0.5067, ""wastage_percent"": 4.46}",The combined slow-moving conditions are not met in this scope.,ESTABLISHED,Continue normal monitoring.,slow-moving-multifactor-v1
59,Coach Combo,3,,GLOBAL,NOT_SLOW,NONE,"{""active_months"": 12, ""contribution"": 3023377.86, ""days_since_last_purchase"": 1, ""global_sales"": 6274, ""history_days"": 366, ""location_context"": ""GLOBAL"", ""order_frequency_percentile"": 0.54, ""orders"": 4470, ""orders_per_30_days"": 366.39, ""profit_percent"": 53.02, ""recent_trend_percent"": 41.83, ""repeat_purchase_rate"": 0.0964, ""sales"": 6274, ""seasonal_top3_month_share"": 0.3103, ""volume_percentile"": 0.5133, ""wastage_percent"": 4.2}",The combined slow-moving conditions are not met in this scope.,ESTABLISHED,Continue normal monitoring.,slow-moving-multifactor-v1
146,South Classic,5,,GLOBAL,HIDDEN_OPPORTUNITY,LOW,"{""active_months"": 12, ""contribution"": 3343646.4, ""days_since_last_purchase"": 1, ""global_sales"": 6170, ""history_days"": 366, ""location_context"": ""GLOBAL"", ""order_frequency_percentile"": 0.2333, ""orders"": 4385, ""orders_per_30_days"": 359.43, ""profit_percent"": 58.74, ""recent_trend_percent"": 48.72, ""repeat_purchase_rate"": 0.0873, ""sales"": 6170, ""seasonal_top3_month_share"": 0.3053, ""volume_percentile"": 0.22, ""wastage_percent"": 4.67}",Low relative volume with healthy contribution and quality or positive demand momentum.,ESTABLISHED,Test visibility and placement before reducing menu presence.,slow-moving-multifactor-v1
135,Security Platter,3,,GLOBAL,NOT_SLOW,NONE,"{""active_months"": 12, ""contribution"": 2832482.11, ""days_since_last_purchase"": 1, ""global_sales"": 6287, ""history_days"": 366, ""location_context"": ""GLOBAL"", ""order_frequency_percentile"": 0.5733, ""orders"": 4479, ""orders_per_30_days"": 367.13, ""profit_percent"": 50.0, ""recent_trend_percent"": 44.19, ""repeat_purchase_rate"": 0.0894, ""sales"": 6287, ""seasonal_top3_month_share"": 0.3148, ""volume_percentile"": 0.5367, ""wastage_percent"": 4.23}",The combined slow-moving conditions are not met in this scope.,ESTABLISHED,Continue normal monitoring.,slow-moving-multifactor-v1
13,West Special,3,,GLOBAL,HIDDEN_OPPORTUNITY,LOW,"{""active_months"": 12, ""contribution"": 3474223.2, ""days_since_last_purchase"": 1, ""global_sales"": 3045, ""history_days"": 366, ""location_context"": ""GLOBAL"", ""order_frequency_percentile"": 0.0133, ""orders"": 1472, ""orders_per_30_days"": 120.66, ""profit_percent"": 61.41, ""recent_trend_percent"": 53.38, ""repeat_purchase_rate"": 0.0398, ""sales"": 3045, ""seasonal_top3_month_share"": 0.5924, ""volume_percentile"": 0.02, ""wastage_percent"": 3.49}",Low relative volume with healthy contribution and quality or positive demand momentum.,ESTABLISHED,Test visibility and placement before reducing menu presence.,slow-moving-multifactor-v1
50,Might Classic,5,,GLOBAL,NOT_SLOW,NONE,"{""active_months"": 12, ""contribution"": 2763660.5, ""days_since_last_purchase"": 1, ""global_sales"": 6470, ""history_days"": 366, ""location_context"": ""GLOBAL"", ""order_frequency_percentile"": 0.7533, ""orders"": 4544, ""orders_per_30_days"": 372.46, ""profit_percent"": 50.0, ""recent_trend_percent"": 29.58, ""repeat_purchase_rate"": 0.0912, ""sales"": 6470, ""seasonal_top3_month_share"": 0.3076, ""volume_percentile"": 0.8067, ""wastage_percent"": 4.52}",The combined slow-moving conditions are not met in this scope.,ESTABLISHED,Continue normal monitoring.,slow-moving-multifactor-v1
91,No Combo,4,,GLOBAL,NOT_SLOW,NONE,"{""active_months"": 12, ""contribution"": 3276400.18, ""days_since_last_purchase"": 0, ""global_sales"": 6241, ""history_days"": 366, ""location_context"": ""GLOBAL"", ""order_frequency_percentile"": 0.3233, ""orders"": 4420, ""orders_per_30_days"": 362.3, ""profit_percent"": 59.46, ""recent_trend_percent"": 43.6, ""repeat_purchase_rate"": 0.0829, ""sales"": 6241, ""seasonal_top3_month_share"": 0.311, ""volume_percentile"": 0.4167, ""wastage_percent"": 4.24}",The combined slow-moving conditions are not met in this scope.,ESTABLISHED,Continue normal monitoring.,slow-moving-multifactor-v1
29,Scientist Special,9,,GLOBAL,NOT_SLOW,NONE,"{""active_months"": 12, ""contribution"": 2992653.4, ""days_since_last_purchase"": 1, ""global_sales"": 7392, ""history_days"": 366, ""location_context"": ""GLOBAL"", ""order_frequency_percentile"": 0.8467, ""orders"": 5223, ""orders_per_30_days"": 428.11, ""profit_percent"": 55.21, ""recent_trend_percent"": 42.52, ""repeat_purchase_rate"": 0.101, ""sales"": 7392, ""seasonal_top3_month_share"": 0.383, ""volume_percentile"": 0.86, ""wastage_percent"": 4.35}",The combined slow-moving conditions are not met in this scope.,ESTABLISHED,Continue normal monitoring.,slow-moving-multifactor-v1
139,Long Classic,2,,GLOBAL,HIDDEN_OPPORTUNITY,LOW,"{""active_months"": 12, ""contribution"": 2813870.4, ""days_since_last_purchase"": 1, ""global_sales"": 6028, ""history_days"": 366, ""location_context"": ""GLOBAL"", ""order_frequency_percentile"": 0.0467, ""orders"": 4299, ""orders_per_30_days"": 352.38, ""profit_percent"": 55.19, ""recent_trend_percent"": 45.07, ""repeat_purchase_rate"": 0.0839, ""sales"": 6028, ""seasonal_top3_month_share"": 0.3147, ""volume_percentile"": 0.0333, ""wastage_percent"": 4.77}",Low relative volume with healthy contribution and quality or positive demand momentum.,ESTABLISHED,Test visibility and placement before reducing menu presence.,slow-moving-multifactor-v1
76,Admit Classic,3,,GLOBAL,NOT_SLOW,NONE,"{""active_months"": 12, ""contribution"": 2494124.8, ""days_since_last_purchase"": 1, ""global_sales"": 6320, ""history_days"": 366, ""location_context"": ""GLOBAL"", ""order_frequency_percentile"": 0.7, ""orders"": 4523, ""orders_per_30_days"": 370.74, ""profit_percent"": 50.0, ""recent_trend_percent"": 43.55, ""repeat_purchase_rate"": 0.083, ""sales"": 6320, ""seasonal_top3_month_share"": 0.31, ""volume_percentile"": 0.6333, ""wastage_percent"": 4.34}",The combined slow-moving conditions are not met in this scope.,ESTABLISHED,Continue normal monitoring.,slow-moving-multifactor-v1
68,Pull Combo,9,,GLOBAL,HIDDEN_OPPORTUNITY,LOW,"{""active_months"": 12, ""contribution"": 2765869.86, ""days_since_last_purchase"": 1, ""global_sales"": 6098, ""history_days"": 366, ""location_context"": ""GLOBAL"", ""order_frequency_percentile"": 0.2267, ""orders"": 4383, ""orders_per_30_days"": 359.26, ""profit_percent"": 55.8, ""recent_trend_percent"": 31.09, ""repeat_purchase_rate"": 0.0856, ""sales"": 6098, ""seasonal_top3_month_share"": 0.3106, ""volume_percentile"": 0.1067, ""wastage_percent"": 4.27}",Low relative volume with healthy contribution and quality or positive demand momentum.,ESTABLISHED,Test visibility and placement before reducing menu presence.,slow-moving-multifactor-v1
41,Traditional Combo,9,,GLOBAL,NOT_SLOW,NONE,"{""active_months"": 12, ""contribution"": 2450257.2, ""days_since_last_purchase"": 1, ""global_sales"": 6361, ""history_days"": 366, ""location_context"": ""GLOBAL"", ""order_frequency_percentile"": 0.6833, ""orders"": 4518, ""orders_per_30_days"": 370.33, ""profit_percent"": 50.0, ""recent_trend_percent"": 33.08, ""repeat_purchase_rate"": 0.0821, ""sales"": 6361, ""seasonal_top3_month_share"": 0.3136, ""volume_percentile"": 0.7, ""wastage_percent"": 4.56}",The combined slow-moving conditions are not met in this scope.,ESTABLISHED,Continue normal monitoring.,slow-moving-multifactor-v1
129,Impact Classic,10,,GLOBAL,HIDDEN_OPPORTUNITY,LOW,"{""active_months"": 12, ""contribution"": 2627174.82, ""days_since_last_purchase"": 1, ""global_sales"": 6207, ""history_days"": 366, ""location_context"": ""GLOBAL"", ""order_frequency_percentile"": 0.4167, ""orders"": 4436, ""orders_per_30_days"": 363.61, ""profit_percent"": 54.22, ""recent_trend_percent"": 60.68, ""repeat_purchase_rate"": 0.0891, ""sales"": 6207, ""seasonal_top3_month_share"": 0.3158, ""volume_percentile"": 0.3033, ""wastage_percent"": 4.48}",Low relative volume with healthy contribution and quality or positive demand momentum.,ESTABLISHED,Test visibility and placement before reducing menu presence.,slow-moving-multifactor-v1
19,Again Classic,9,,GLOBAL,NOT_SLOW,NONE,"{""active_months"": 12, ""contribution"": 2731636.26, ""days_since_last_purchase"": 1, ""global_sales"": 7578, ""history_days"": 366, ""location_context"": ""GLOBAL"", ""order_frequency_percentile"": 0.92, ""orders"": 5389, ""orders_per_30_days"": 441.72, ""profit_percent"": 57.67, ""recent_trend_percent"": 41.43, ""repeat_purchase_rate"": 0.0943, ""sales"": 7578, ""seasonal_top3_month_share"": 0.4012, ""volume_percentile"": 0.92, ""wastage_percent"": 3.94}",The combined slow-moving conditions are not met in this scope.,ESTABLISHED,Continue normal monitoring.,slow-moving-multifactor-v1
127,Audience Deluxe,2,,GLOBAL,HIDDEN_OPPORTUNITY,LOW,"{""active_months"": 12, ""contribution"": 2714356.26, ""days_since_last_purchase"": 1, ""global_sales"": 6083, ""history_days"": 366, ""location_context"": ""GLOBAL"", ""order_frequency_percentile"": 0.0933, ""orders"": 4333, ""orders_per_30_days"": 355.16, ""profit_percent"": 58.02, ""recent_trend_percent"": 49.34, ""repeat_purchase_rate"": 0.0866, ""sales"": 6083, ""seasonal_top3_month_share"": 0.3142, ""volume_percentile"": 0.0867, ""wastage_percent"": 4.45}",Low relative volume with healthy contribution and quality or positive demand momentum.,ESTABLISHED,Test visibility and placement before reducing menu presence.,slow-moving-multifactor-v1
46,While Special,5,,GLOBAL,NOT_SLOW,NONE,"{""active_months"": 12, ""contribution"": 2602104.15, ""days_since_last_purchase"": 1, ""global_sales"": 6245, ""history_days"": 366, ""location_context"": ""GLOBAL"", ""order_frequency_percentile"": 0.4633, ""orders"": 4451, ""orders_per_30_days"": 364.84, ""profit_percent"": 57.88, ""recent_trend_percent"": 65.36, ""repeat_purchase_rate"": 0.0806, ""sales"": 6245, ""seasonal_top3_month_share"": 0.3174, ""volume_percentile"": 0.4333, ""wastage_percent"": 4.51}",The combined slow-moving conditions are not met in this scope.,ESTABLISHED,Continue normal monitoring.,slow-moving-multifactor-v1
4,We Deluxe,4,,GLOBAL,WATCHLIST,LOW,"{""active_months"": 12, ""contribution"": 489900.0, ""days_since_last_purchase"": 1, ""global_sales"": 5934, ""history_days"": 366, ""location_context"": ""GLOBAL"", ""order_frequency_percentile"": 0.02, ""orders"": 3121, ""orders_per_30_days"": 255.82, ""profit_percent"": 11.27, ""recent_trend_percent"": 51.1, ""repeat_purchase_rate"": 0.0635, ""sales"": 5934, ""seasonal_top3_month_share"": 0.6279, ""volume_percentile"": 0.0267, ""wastage_percent"": 4.86}",Low relative volume and order frequency with weak repeats or economics; demand decline is unconfirmed.,ESTABLISHED,"Monitor trend, repeat purchasing, and waste before intervening.",slow-moving-multifactor-v1
61,Themselves Classic,7,,GLOBAL,NOT_SLOW,NONE,"{""active_months"": 12, ""contribution"": 2105838.9, ""days_since_last_purchase"": 1, ""global_sales"": 6246, ""history_days"": 366, ""location_context"": ""GLOBAL"", ""order_frequency_percentile"": 0.3, ""orders"": 4408, ""orders_per_30_days"": 361.31, ""profit_percent"": 50.0, ""recent_trend_percent"": 37.83, ""repeat_purchase_rate"": 0.0853, ""sales"": 6246, ""seasonal_top3_month_share"": 0.3, ""volume_percentile"": 0.44, ""wastage_percent"": 4.22}",The combined slow-moving conditions are not met in this scope.,ESTABLISHED,Continue normal monitoring.,slow-moving-multifactor-v1
121,Analysis Classic,5,,GLOBAL,WATCHLIST,LOW,"{""active_months"": 12, ""contribution"": 2104498.72, ""days_since_last_purchase"": 1, ""global_sales"": 6122, ""history_days"": 366, ""location_context"": ""GLOBAL"", ""order_frequency_percentile"": 0.04, ""orders"": 4295, ""orders_per_30_days"": 352.05, ""profit_percent"": 50.0, ""recent_trend_percent"": 35.88, ""repeat_purchase_rate"": 0.0838, ""sales"": 6122, ""seasonal_top3_month_share"": 0.3063, ""volume_percentile"": 0.14, ""wastage_percent"": 4.61}",Low relative volume and order frequency with weak repeats or economics; demand decline is unconfirmed.,ESTABLISHED,"Monitor trend, repeat purchasing, and waste before intervening.",slow-moving-multifactor-v1
119,Body Classic,7,,GLOBAL,NOT_SLOW,NONE,"{""active_months"": 12, ""contribution"": 2098601.6, ""days_since_last_purchase"": 1, ""global_sales"": 6304, ""history_days"": 366, ""location_context"": ""GLOBAL"", ""order_frequency_percentile"": 0.5, ""orders"": 4454, ""orders_per_30_days"": 365.08, ""profit_percent"": 50.0, ""recent_trend_percent"": 35.24, ""repeat_purchase_rate"": 0.091, ""sales"": 6304, ""seasonal_top3_month_share"": 0.3089, ""volume_percentile"": 0.58, ""wastage_percent"": 4.3}",The combined slow-moving conditions are not met in this scope.,ESTABLISHED,Continue normal monitoring.,slow-moving-multifactor-v1
75,Success Classic,5,,GLOBAL,NOT_SLOW,NONE,"{""active_months"": 12, ""contribution"": 2536184.62, ""days_since_last_purchase"": 1, ""global_sales"": 6313, ""history_days"": 366, ""location_context"": ""GLOBAL"", ""order_frequency_percentile"": 0.4033, ""orders"": 4433, ""orders_per_30_days"": 363.36, ""profit_percent"": 62.26, ""recent_trend_percent"": 33.94, ""repeat_purchase_rate"": 0.0837, ""sales"": 6313, ""seasonal_top3_month_share"": 0.3185, ""volume_percentile"": 0.6, ""wastage_percent"": 4.01}",The combined slow-moving conditions are not met in this scope.,ESTABLISHED,Continue normal monitoring.,slow-moving-multifactor-v1
140,Charge Platter,3,,GLOBAL,NOT_SLOW,NONE,"{""active_months"": 12, ""contribution"": 1973585.52, ""days_since_last_purchase"": 1, ""global_sales"": 6453, ""history_days"": 366, ""location_context"": ""GLOBAL"", ""order_frequency_percentile"": 0.74, ""orders"": 4537, ""orders_per_30_days"": 371.89, ""profit_percent"": 50.0, ""recent_trend_percent"": 44.75, ""repeat_purchase_rate"": 0.0865, ""sales"": 6453, ""seasonal_top3_month_share"": 0.316, ""volume_percentile"": 0.78, ""wastage_percent"": 3.96}",The combined slow-moving conditions are not met in this scope.,ESTABLISHED,Continue normal monitoring.,slow-moving-multifactor-v1
103,Resource Combo,5,,GLOBAL,NOT_SLOW,NONE,"{""active_months"": 12, ""contribution"": 1963341.25, ""days_since_last_purchase"": 1, ""global_sales"": 6359, ""history_days"": 366, ""location_context"": ""GLOBAL"", ""order_frequency_percentile"": 0.6033, ""orders"": 4488, ""orders_per_30_days"": 367.87, ""profit_percent"": 50.0, ""recent_trend_percent"": 59.32, ""repeat_purchase_rate"": 0.0899, ""sales"": 6359, ""seasonal_top3_month_share"": 0.3162, ""volume_percentile"": 0.69, ""wastage_percent"": 4.32}",The combined slow-moving conditions are not met in this scope.,ESTABLISHED,Continue normal monitoring.,slow-moving-multifactor-v1
82,Hotel Platter,1,,GLOBAL,WATCHLIST,LOW,"{""active_months"": 12, ""contribution"": 1947186.72, ""days_since_last_purchase"": 1, ""global_sales"": 6114, ""history_days"": 366, ""location_context"": ""GLOBAL"", ""order_frequency_percentile"": 0.2633, ""orders"": 4396, ""orders_per_30_days"": 360.33, ""profit_percent"": 50.0, ""recent_trend_percent"": 37.03, ""repeat_purchase_rate"": 0.0918, ""sales"": 6114, ""seasonal_top3_month_share"": 0.3214, ""volume_percentile"": 0.12, ""wastage_percent"": 4.32}",Low relative volume and order frequency with weak repeats or economics; demand decline is unconfirmed.,ESTABLISHED,"Monitor trend, repeat purchasing, and waste before intervening.",slow-moving-multifactor-v1
85,Positive Platter,7,,GLOBAL,HIDDEN_OPPORTUNITY,LOW,"{""active_months"": 12, ""contribution"": 2128988.72, ""days_since_last_purchase"": 1, ""global_sales"": 6134, ""history_days"": 366, ""location_context"": ""GLOBAL"", ""order_frequency_percentile"": 0.1733, ""orders"": 4374, ""orders_per_30_days"": 358.52, ""profit_percent"": 57.11, ""recent_trend_percent"": 44.22, ""repeat_purchase_rate"": 0.0915, ""sales"": 6134, ""seasonal_top3_month_share"": 0.3094, ""volume_percentile"": 0.1533, ""wastage_percent"": 3.74}",Low relative volume with healthy contribution and quality or positive demand momentum.,ESTABLISHED,Test visibility and placement before reducing menu presence.,slow-moving-multifactor-v1
17,Until Deluxe,9,,GLOBAL,NOT_SLOW,NONE,"{""active_months"": 12, ""contribution"": 1741463.46, ""days_since_last_purchase"": 1, ""global_sales"": 6483, ""history_days"": 366, ""location_context"": ""GLOBAL"", ""order_frequency_percentile"": 0.7933, ""orders"": 4564, ""orders_per_30_days"": 374.1, ""profit_percent"": 50.0, ""recent_trend_percent"": 45.23, ""repeat_purchase_rate"": 0.0856, ""sales"": 6483, ""seasonal_top3_month_share"": 0.3178, ""volume_percentile"": 0.8133, ""wastage_percent"": 3.61}",The combined slow-moving conditions are not met in this scope.,ESTABLISHED,Continue normal monitoring.,slow-moving-multifactor-v1
102,Whose Platter,5,,GLOBAL,WATCHLIST,LOW,"{""active_months"": 12, ""contribution"": 1546623.11, ""days_since_last_purchase"": 0, ""global_sales"": 6143, ""history_days"": 366, ""location_context"": ""GLOBAL"", ""order_frequency_percentile"": 0.2, ""orders"": 4378, ""orders_per_30_days"": 358.85, ""profit_percent"": 50.0, ""recent_trend_percent"": 29.0, ""repeat_purchase_rate"": 0.0827, ""sales"": 6143, ""seasonal_top3_month_share"": 0.3042, ""volume_percentile"": 0.16, ""wastage_percent"": 4.88}",Low relative volume and order frequency with weak repeats or economics; demand decline is unconfirmed.,ESTABLISHED,"Monitor trend, repeat purchasing, and waste before intervening.",slow-moving-multifactor-v1
53,Black Deluxe,5,,GLOBAL,WATCHLIST,LOW,"{""active_months"": 12, ""contribution"": 1604790.24, ""days_since_last_purchase"": 1, ""global_sales"": 6168, ""history_days"": 366, ""location_context"": ""GLOBAL"", ""order_frequency_percentile"": 0.0533, ""orders"": 4313, ""orders_per_30_days"": 353.52, ""profit_percent"": 53.05, ""recent_trend_percent"": 48.82, ""repeat_purchase_rate"": 0.0852, ""sales"": 6168, ""seasonal_top3_month_share"": 0.3126, ""volume_percentile"": 0.2133, ""wastage_percent"": 4.4}",Low relative volume and order frequency with weak repeats or economics; demand decline is unconfirmed.,ESTABLISHED,"Monitor trend, repeat purchasing, and waste before intervening.",slow-moving-multifactor-v1
110,Daughter Deluxe,10,,GLOBAL,NOT_SLOW,NONE,"{""active_months"": 12, ""contribution"": 1493174.34, ""days_since_last_purchase"": 1, ""global_sales"": 6462, ""history_days"": 366, ""location_context"": ""GLOBAL"", ""order_frequency_percentile"": 0.73, ""orders"": 4533, ""orders_per_30_days"": 371.56, ""profit_percent"": 50.0, ""recent_trend_percent"": 36.26, ""repeat_purchase_rate"": 0.0839, ""sales"": 6462, ""seasonal_top3_month_share"": 0.2993, ""volume_percentile"": 0.7933, ""wastage_percent"": 3.91}",The combined slow-moving conditions are not met in this scope.,ESTABLISHED,Continue normal monitoring.,slow-moving-multifactor-v1
69,Than Deluxe,3,,GLOBAL,NOT_SLOW,NONE,"{""active_months"": 12, ""contribution"": 1737138.22, ""days_since_last_purchase"": 1, ""global_sales"": 6299, ""history_days"": 366, ""location_context"": ""GLOBAL"", ""order_frequency_percentile"": 0.7133, ""orders"": 4527, ""orders_per_30_days"": 371.07, ""profit_percent"": 61.77, ""recent_trend_percent"": 71.83, ""repeat_purchase_rate"": 0.0871, ""sales"": 6299, ""seasonal_top3_month_share"": 0.3251, ""volume_percentile"": 0.5733, ""wastage_percent"": 4.4}",The combined slow-moving conditions are not met in this scope.,ESTABLISHED,Continue normal monitoring.,slow-moving-multifactor-v1
130,Consider Special,6,,GLOBAL,NOT_SLOW,NONE,"{""active_months"": 12, ""contribution"": 1404405.09, ""days_since_last_purchase"": 1, ""global_sales"": 6231, ""history_days"": 366, ""location_context"": ""GLOBAL"", ""order_frequency_percentile"": 0.4033, ""orders"": 4433, ""orders_per_30_days"": 363.36, ""profit_percent"": 50.0, ""recent_trend_percent"": 55.73, ""repeat_purchase_rate"": 0.0904, ""sales"": 6231, ""seasonal_top3_month_share"": 0.3149, ""volume_percentile"": 0.4, ""wastage_percent"": 4.17}",The combined slow-moving conditions are not met in this scope.,ESTABLISHED,Continue normal monitoring.,slow-moving-multifactor-v1
124,Bar Special,5,,GLOBAL,NOT_SLOW,NONE,"{""active_months"": 12, ""contribution"": 1399183.14, ""days_since_last_purchase"": 1, ""global_sales"": 6366, ""history_days"": 366, ""location_context"": ""GLOBAL"", ""order_frequency_percentile"": 0.6133, ""orders"": 4490, ""orders_per_30_days"": 368.03, ""profit_percent"": 50.0, ""recent_trend_percent"": 52.12, ""repeat_purchase_rate"": 0.0866, ""sales"": 6366, ""seasonal_top3_month_share"": 0.3113, ""volume_percentile"": 0.72, ""wastage_percent"": 4.49}",The combined slow-moving conditions are not met in this scope.,ESTABLISHED,Continue normal monitoring.,slow-moving-multifactor-v1
43,Fight Special,7,,GLOBAL,NOT_SLOW,NONE,"{""active_months"": 12, ""contribution"": 1302590.52, ""days_since_last_purchase"": 1, ""global_sales"": 6468, ""history_days"": 366, ""location_context"": ""GLOBAL"", ""order_frequency_percentile"": 0.8, ""orders"": 4567, ""orders_per_30_days"": 374.34, ""profit_percent"": 50.0, ""recent_trend_percent"": 33.33, ""repeat_purchase_rate"": 0.0876, ""sales"": 6468, ""seasonal_top3_month_share"": 0.31, ""volume_percentile"": 0.8, ""wastage_percent"": 4.01}",The combined slow-moving conditions are not met in this scope.,ESTABLISHED,Continue normal monitoring.,slow-moving-multifactor-v1
92,Will Deluxe,6,,GLOBAL,NOT_SLOW,NONE,"{""active_months"": 12, ""contribution"": 1299438.84, ""days_since_last_purchase"": 1, ""global_sales"": 6244, ""history_days"": 366, ""location_context"": ""GLOBAL"", ""order_frequency_percentile"": 0.4333, ""orders"": 4440, ""orders_per_30_days"": 363.93, ""profit_percent"": 50.0, ""recent_trend_percent"": 57.39, ""repeat_purchase_rate"": 0.0821, ""sales"": 6244, ""seasonal_top3_month_share"": 0.3081, ""volume_percentile"": 0.4267, ""wastage_percent"": 4.41}",The combined slow-moving conditions are not met in this scope.,ESTABLISHED,Continue normal monitoring.,slow-moving-multifactor-v1
150,Matter Deluxe,10,,GLOBAL,NOT_SLOW,NONE,"{""active_months"": 12, ""contribution"": 1491687.34, ""days_since_last_purchase"": 1, ""global_sales"": 6226, ""history_days"": 366, ""location_context"": ""GLOBAL"", ""order_frequency_percentile"": 0.3233, ""orders"": 4420, ""orders_per_30_days"": 362.3, ""profit_percent"": 59.14, ""recent_trend_percent"": 38.48, ""repeat_purchase_rate"": 0.0888, ""sales"": 6226, ""seasonal_top3_month_share"": 0.2986, ""volume_percentile"": 0.3733, ""wastage_percent"": 4.27}",The combined slow-moving conditions are not met in this scope.,ESTABLISHED,Continue normal monitoring.,slow-moving-multifactor-v1
56,Life Special,5,,GLOBAL,NOT_SLOW,NONE,"{""active_months"": 12, ""contribution"": 1161579.15, ""days_since_last_purchase"": 1, ""global_sales"": 6345, ""history_days"": 366, ""location_context"": ""GLOBAL"", ""order_frequency_percentile"": 0.63, ""orders"": 4499, ""orders_per_30_days"": 368.77, ""profit_percent"": 50.0, ""recent_trend_percent"": 49.7, ""repeat_purchase_rate"": 0.0907, ""sales"": 6345, ""seasonal_top3_month_share"": 0.3113, ""volume_percentile"": 0.6667, ""wastage_percent"": 4.05}",The combined slow-moving conditions are not met in this scope.,ESTABLISHED,Continue normal monitoring.,slow-moving-multifactor-v1
131,Seek Deluxe,1,,GLOBAL,WATCHLIST,LOW,"{""active_months"": 12, ""contribution"": 1096885.72, ""days_since_last_purchase"": 1, ""global_sales"": 6202, ""history_days"": 366, ""location_context"": ""GLOBAL"", ""order_frequency_percentile"": 0.2533, ""orders"": 4393, ""orders_per_30_days"": 360.08, ""profit_percent"": 52.41, ""recent_trend_percent"": 55.81, ""repeat_purchase_rate"": 0.0812, ""sales"": 6202, ""seasonal_top3_month_share"": 0.3084, ""volume_percentile"": 0.2867, ""wastage_percent"": 3.98}",Low relative volume and order frequency with weak repeats or economics; demand decline is unconfirmed.,ESTABLISHED,"Monitor trend, repeat purchasing, and waste before intervening.",slow-moving-multifactor-v1
107,Story Special,8,,GLOBAL,NOT_SLOW,NONE,"{""active_months"": 12, ""contribution"": 1032897.21, ""days_since_last_purchase"": 1, ""global_sales"": 6249, ""history_days"": 366, ""location_context"": ""GLOBAL"", ""order_frequency_percentile"": 0.52, ""orders"": 4459, ""orders_per_30_days"": 365.49, ""profit_percent"": 50.0, ""recent_trend_percent"": 57.05, ""repeat_purchase_rate"": 0.088, ""sales"": 6249, ""seasonal_top3_month_share"": 0.3148, ""volume_percentile"": 0.4467, ""wastage_percent"": 4.27}",The combined slow-moving conditions are not met in this scope.,ESTABLISHED,Continue normal monitoring.,slow-moving-multifactor-v1
133,Serve Combo,8,,GLOBAL,NOT_SLOW,NONE,"{""active_months"": 12, ""contribution"": 1005348.0, ""days_since_last_purchase"": 1, ""global_sales"": 6315, ""history_days"": 366, ""location_context"": ""GLOBAL"", ""order_frequency_percentile"": 0.5667, ""orders"": 4477, ""orders_per_30_days"": 366.97, ""profit_percent"": 50.0, ""recent_trend_percent"": 40.25, ""repeat_purchase_rate"": 0.0892, ""sales"": 6315, ""seasonal_top3_month_share"": 0.3101, ""volume_percentile"": 0.6167, ""wastage_percent"": 4.54}",The combined slow-moving conditions are not met in this scope.,ESTABLISHED,Continue normal monitoring.,slow-moving-multifactor-v1
38,Recently Combo,5,,GLOBAL,NOT_SLOW,NONE,"{""active_months"": 12, ""contribution"": 975068.22, ""days_since_last_purchase"": 1, ""global_sales"": 6431, ""history_days"": 366, ""location_context"": ""GLOBAL"", ""order_frequency_percentile"": 0.7767, ""orders"": 4553, ""orders_per_30_days"": 373.2, ""profit_percent"": 50.0, ""recent_trend_percent"": 47.78, ""repeat_purchase_rate"": 0.0761, ""sales"": 6431, ""seasonal_top3_month_share"": 0.3199, ""volume_percentile"": 0.7633, ""wastage_percent"": 4.47}",The combined slow-moving conditions are not met in this scope.,ESTABLISHED,Continue normal monitoring.,slow-moving-multifactor-v1
9,Summer Classic,6,,GLOBAL,INSUFFICIENT_HISTORY,UNDETERMINED,"{""active_months"": 1, ""contribution"": 480676.28, ""days_since_last_purchase"": 1, ""global_sales"": 1442, ""history_days"": 32, ""location_context"": ""GLOBAL"", ""order_frequency_percentile"": 0.9533, ""orders"": 1022, ""orders_per_30_days"": 958.12, ""profit_percent"": 62.54, ""recent_trend_percent"": 3317.07, ""repeat_purchase_rate"": 0.023, ""sales"": 1442, ""seasonal_top3_month_share"": 1.0, ""volume_percentile"": 0.0133, ""wastage_percent"": 1.97}",Fewer than 90 calendar days since introduction; demand pattern is immature.,INSUFFICIENT,Continue observing; review after at least 90 days of availability.,slow-moving-multifactor-v1
2,Much Special,5,,GLOBAL,HIDDEN_OPPORTUNITY,LOW,"{""active_months"": 12, ""contribution"": 154000.0, ""days_since_last_purchase"": 1, ""global_sales"": 154, ""history_days"": 366, ""location_context"": ""GLOBAL"", ""order_frequency_percentile"": 0.0067, ""orders"": 115, ""orders_per_30_days"": 9.43, ""profit_percent"": 83.33, ""recent_trend_percent"": 69.23, ""repeat_purchase_rate"": 0.0, ""sales"": 154, ""seasonal_top3_month_share"": 0.3506, ""volume_percentile"": 0.0067, ""wastage_percent"": 8.88}",Low relative volume with healthy contribution and quality or positive demand momentum.,ESTABLISHED,Test visibility and placement before reducing menu presence.,slow-moving-multifactor-v1
