Order_Date,Actual,Spark_Prediction,Python_Prediction,Numerical_Difference,Match_Status
2026-07-16,3440,3631.916960300148,3621.967301379859,9.949658920289039,Divergent
2026-07-17,3781,3634.389142751122,3616.6224504679367,17.76669228318542,Divergent
2026-07-18,3706,3615.141647845301,3623.261178336256,8.11953049095473,Close Match
2026-07-19,3580,3607.116859773986,3601.1433502700834,5.973509503902733,Close Match
2026-07-20,3862,3647.465846506365,3662.87645540962,15.410608903255252,Divergent
2026-07-21,3666,3628.68653908224,3637.783995200886,9.097456118645823,Divergent
2026-07-22,3642,3604.55020494569,3605.471441542725,0.9212365970352039,Close Match
2026-07-23,3608,3613.963487995638,3606.276916388069,7.686571607569022,Close Match
2026-07-24,3690,3641.542626016246,3624.572310323196,16.970315693049997,Divergent
2026-07-25,3963,3630.156699434354,3637.688002723608,7.531303289254083,Close Match
2026-07-26,3413,3612.94893730112,3608.199501769418,4.749435531702147,Close Match
2026-07-27,3982,3665.129764897728,3679.533935477064,14.404170579336096,Divergent
2026-07-28,3414,3621.090342464801,3631.292347629641,10.202005164840102,Divergent
2026-07-29,4003,3649.526617121684,3648.125118518027,1.4014986036568189,Close Match
2026-07-30,3390,3616.4959625947945,3610.594422427184,5.901540167610619,Close Match
2026-07-31,3757,3655.184042210234,3637.1287693081663,18.055272902067827,Divergent
2026-08-01,3887,3617.488238928611,3624.685632282988,7.197393354377255,Close Match
2026-08-02,3821,3576.225196461099,3571.366932929802,4.858263531297325,Close Match
2026-08-03,3562,3624.367119002386,3640.8786921938695,16.51157319148342,Divergent
2026-08-04,3678,3596.093728950451,3604.3030975729225,8.20936862247163,Close Match
2026-08-05,3484,3634.2602582185496,3633.460154763764,0.8001034547855852,Close Match
2026-08-06,3689,3599.2259250408515,3590.637958102477,8.587966938374393,Divergent
2026-08-07,3237,3616.196980040701,3599.719821256653,16.477158784047788,Divergent
2026-08-08,3736,3648.0959768450753,3652.3221297040423,4.226152858966998,Close Match
2026-08-09,3681,3623.4931881561474,3616.665437635466,6.827750520681548,Close Match
2026-08-10,3330,3609.425857206428,3626.183016886972,16.757159680543737,Divergent
2026-08-11,3478,3636.8942274588017,3643.0121491554746,6.1179216966729655,Close Match
2026-08-12,3544,3615.0989268663143,3614.434182308649,0.6647445576654718,Close Match
2026-08-13,3384,3627.306665354846,3618.322666285176,8.983999069669608,Divergent
2026-08-14,3659,3602.471906381975,3585.4904014831964,16.98150489877844,Divergent
2026-08-15,3904,3623.682327932353,3630.894125237393,7.211797305039909,Close Match
2026-08-16,4224,3613.228948439696,3607.8045572311994,5.424391208496672,Close Match
2026-08-17,3744,3572.632579528014,3593.3256661400146,20.69308661200057,Divergent
2026-08-18,3910,3609.253139858489,3618.4348721575625,9.181732299073701,Divergent
2026-08-19,3869,3605.866174674153,3607.7009238644714,1.8347491903182345,Close Match
2026-08-20,3796,3596.5209006767345,3590.3286514227966,6.192249253937916,Close Match
2026-08-21,3506,3621.234176208328,3605.690814940521,15.543361267807086,Divergent
2026-08-22,3429,3653.190953933906,3659.04357636534,5.852622431434156,Close Match
2026-08-23,3660,3687.550048755048,3677.824037156053,9.726011598995228,Divergent
2026-08-24,3429,3642.022569639252,3658.204229712245,16.1816600729926,Divergent
2026-08-25,3859,3666.914741391901,3673.061522266885,6.1467808749839605,Close Match
2026-08-26,3706,3641.707806657737,3642.400079439547,0.6922727818100611,Close Match
2026-08-27,3737,3644.716424644123,3636.4709070329054,8.245517611217565,Close Match
2026-08-28,3682,3621.915877371434,3606.4210075085375,15.494869862896394,Divergent
2026-08-29,3245,3617.571222884,3625.7451126818314,8.173889797831634,Close Match
2026-08-30,3729,3664.199430733698,3654.823379604863,9.376051128835115,Divergent
2026-08-31,4015,3623.9280507415447,3641.361414038959,17.433363297414417,Divergent
2026-09-01,3037,3604.081823771899,3613.86842121314,9.786597441241156,Divergent
2026-09-02,3528,3644.433962154959,3640.4436500164416,3.990312138517311,Close Match
2026-09-03,3476,3621.3848769251376,3612.126437886221,9.25843903891655,Divergent
2026-09-04,3738,3620.4325584884737,3602.807468501394,17.62508998707972,Divergent
2026-09-05,4060,3572.6543643153364,3581.570984692496,8.916620377159688,Divergent
2026-09-06,3682,3598.280121019303,3593.633436701351,4.646684317951895,Close Match
2026-09-07,3457,3641.731648479612,3657.280341359464,15.548692879851842,Divergent
2026-09-08,3425,3581.1556111689174,3589.673598733767,8.51798756484959,Divergent
2026-09-09,3710,3619.794990659337,3618.652376916025,1.1426137433122676,Close Match
2026-09-10,3360,3601.379277875899,3593.923705143898,7.455572732000746,Close Match
2026-09-11,3457,3639.662633528528,3621.195224230096,18.467409298432358,Divergent
2026-09-12,3926,3657.040046471993,3662.1362176765742,5.096171204581424,Close Match
2026-09-13,3555,3610.788110685852,3605.456174819677,5.331935866175172,Close Match
2026-09-14,3758,3615.836120004556,3632.067886270657,16.23176626610075,Divergent
2026-09-15,3343,3603.212689849072,3612.578013363079,9.365323514007287,Divergent
2026-09-16,3478,3646.6194249283417,3644.51563754214,2.103787386201475,Close Match
2026-09-17,3564,3613.894585217589,3605.3332639973055,8.56132122028339,Divergent
2026-09-18,3281,3617.01371894111,3600.5356317386527,16.478087202457118,Divergent
2026-09-19,3734,3665.2764930184912,3669.656166156132,4.379673137640566,Close Match
2026-09-20,3796,3620.385324784799,3614.220859122394,6.164465662405291,Close Match
2026-09-21,3753,3634.566345691592,3651.5040929958286,16.937747304236836,Divergent
2026-09-22,3506,3606.345185296731,3615.9051554213393,9.559970124608299,Divergent
2026-09-23,3701,3629.769605485162,3629.2772345262247,0.4923709589374994,Close Match
2026-09-24,3825,3626.349333812699,3618.63549773414,7.713836078559325,Close Match
2026-09-25,1092,3599.188930546036,3584.776477973238,14.412452572797974,Divergent
