Location_ID,City,Total_Revenue,Total_Orders,Avg_Order_Value
1,Karachi,71918404.42999999,4678,1537.9668198537272
2,Faisalabad,73552339.0,4833,1523.1696452608255
3,Islamabad,73154273.62,4754,1537.9206933378184
4,Lahore,74461886.42999999,4845,1538.0556137814222
5,Karachi,76089885.02,4948,1537.8528845143296
6,Lahore,73748931.39,4799,1537.46104465477
7,Faisalabad,75117247.91,4885,1537.4290900345893
8,Faisalabad,71659886.35,4686,1529.6579578201379
9,Faisalabad,74479629.77,4867,1531.3683232584915
10,Rawalpindi,72876596.48,4746,1535.7313710119274
11,Islamabad,71578273.04,4674,1531.1843121483732
12,Multan,74255328.46,4839,1535.7240333388484
13,Islamabad,72397048.05,4696,1542.7260494800546
14,Multan,74438294.01,4854,1533.7033895127229
15,Lahore,72752436.36,4746,1533.5673768971333
16,Lahore,73794117.23,4803,1535.7776738813736
17,Multan,73854210.64,4783,1544.3240833908371
18,Karachi,74468412.53,4831,1540.8001599387558
19,Lahore,73622820.56,4772,1543.3906452559643
20,Lahore,74838706.03,4888,1529.8494660561337
