Item_ID,Item_Name,Case
2,Much Special,Popular but excessive wastage
3,Wish Combo,Popular but excessive wastage
5,Hundred Platter,Popular but excessive wastage
11,Star Deluxe,Popular but excessive wastage
13,West Special,Popular but excessive wastage
14,Nothing Combo,Popular but excessive wastage
15,,Popular but excessive wastage
16,Later Deluxe,Popular but excessive wastage
17,,Popular but excessive wastage
18,Door Deluxe,Popular but excessive wastage
19,Again Classic,Popular but excessive wastage
20,Tell Platter,Popular but excessive wastage
22,Plan Combo,Popular but excessive wastage
23,Raise Combo,Popular but excessive wastage
25,Before Combo,Popular but excessive wastage
26,Court Special,Popular but excessive wastage
27,Service Special,Popular but excessive wastage
31,Country Platter,Popular but excessive wastage
32,Trouble Platter,Popular but excessive wastage
33,Attention Platter,Popular but excessive wastage
36,Recent Platter,Popular but excessive wastage
37,Phone Combo,Popular but excessive wastage
41,Traditional Combo,Popular but excessive wastage
45,Up Classic,Popular but excessive wastage
47,Mr Deluxe,Popular but excessive wastage
50,Might Classic,Popular but excessive wastage
51,True Platter,Popular but excessive wastage
53,Black Deluxe,Popular but excessive wastage
56,Life Special,Popular but excessive wastage
57,Child Classic,Popular but excessive wastage
59,Coach Combo,Popular but excessive wastage
63,This Platter,Popular but excessive wastage
65,History Platter,Popular but excessive wastage
66,Bag Deluxe,Popular but excessive wastage
67,Onto Deluxe,Popular but excessive wastage
68,Pull Combo,Popular but excessive wastage
70,Central Classic,Popular but excessive wastage
71,Bit Classic,Popular but excessive wastage
72,Hold Combo,Popular but excessive wastage
73,Against Special,Popular but excessive wastage
75,Success Classic,Popular but excessive wastage
76,,Popular but excessive wastage
78,Measure Deluxe,Popular but excessive wastage
80,Specific Special,Popular but excessive wastage
81,House Platter,Popular but excessive wastage
85,Positive Platter,Popular but excessive wastage
88,Language Combo,Popular but excessive wastage
90,Speak Deluxe,Popular but excessive wastage
95,Mrs Combo,Popular but excessive wastage
96,Establish Classic,Popular but excessive wastage
98,Letter Special,Popular but excessive wastage
99,,Popular but excessive wastage
100,City Classic,Popular but excessive wastage
102,Whose Platter,Popular but excessive wastage
106,Affect Platter,Popular but excessive wastage
109,Popular Platter,Popular but excessive wastage
115,List Deluxe,Popular but excessive wastage
117,Keep Combo,Popular but excessive wastage
119,Body Classic,Popular but excessive wastage
120,Talk Combo,Popular but excessive wastage
122,Statement Special,Popular but excessive wastage
124,Bar Special,Popular but excessive wastage
127,Audience Deluxe,Popular but excessive wastage
128,Hot Special,Popular but excessive wastage
129,Impact Classic,Popular but excessive wastage
132,,Popular but excessive wastage
133,Serve Combo,Popular but excessive wastage
135,Security Platter,Popular but excessive wastage
137,That Classic,Popular but excessive wastage
138,Owner Deluxe,Popular but excessive wastage
139,Long Classic,Popular but excessive wastage
143,Believe Deluxe,Popular but excessive wastage
144,Many Classic,Popular but excessive wastage
147,Decide Combo,Popular but excessive wastage
148,Position Platter,Popular but excessive wastage
