Item_ID,Total_Quantity_Sold,Total_Revenue,Order_Count,Promo_Order_Count,Promotion_Dependency_Pct,Item_Name,Cost,Base_Price,Total_Cost,Total_Profit,Profit_Pct,Avg_Rating,Total_Wasted,Wastage_Pct,Performance_Class
1,8711,12499849.450000001,6113,1613,26.39,Evidence Classic,564.03,1434.95,4913265.33,7586584.120000001,60.69,4.1301775147929,4625,34.68,Hidden Opportunity
2,8908,8271879.720000001,6278,1634,26.03,Much Special,678.43,928.59,6043454.4399999995,2228425.280000001,26.94,4.209302325581396,4417,33.15,Volume Driver
3,9055,18632111.299999997,6307,1656,26.26,Wish Combo,791.49,2057.66,7166941.95,11465169.349999998,61.53,4.134146341463414,4318,32.29,Profit Driver
4,8706,10425260.88,6098,1612,26.43,We Deluxe,775.58,1197.48,6752199.48,3673061.4000000004,35.23,4.171344165435746,4344,33.29,Low Performer
5,8877,13961568.06,6218,1672,26.89,Hundred Platter,676.37,1572.78,6004136.49,7957431.57,57.0,4.150746268656716,4256,32.41,Profit Driver
6,8732,8015714.04,6188,1613,26.07,Particularly Combo,550.6,917.97,4807839.2,3207874.84,40.02,4.142172523961661,4302,33.01,Low Performer
7,8741,17206745.91,6166,1556,25.24,Property Special,844.04,1968.51,7377753.64,9828992.27,57.12,4.171344165435746,4140,32.14,Hidden Opportunity
8,8815,10605238.35,6242,1576,25.25,Join Platter,732.0,1203.09,6452580.0,4152658.3499999996,39.16,4.136429608127721,4256,32.56,Low Performer
9,8809,4695020.82,6194,1619,26.14,Summer Classic,199.64,532.98,1758628.7599999998,2936392.0600000005,62.54,4.1824512534818945,4460,33.61,Hidden Opportunity
10,8775,12088966.5,6157,1602,26.02,Level Combo,524.42,1377.66,4601785.5,7487181.0,61.93,4.119617224880383,4072,31.7,Hidden Opportunity
11,8887,6376600.24,6255,1580,25.26,Star Deluxe,334.97,717.52,2976878.39,3399721.85,53.32,4.158850226928895,4022,31.16,Profit Driver
12,8728,9452773.12,6178,1582,25.61,Claim Special,587.65,1083.04,5129009.2,4323763.919999999,45.74,4.131736526946108,4041,31.65,Low Performer
13,8830,16404374.0,6159,1624,26.37,West Special,716.84,1857.8,6329697.2,10074676.8,61.41,4.186390532544379,4014,31.25,Profit Driver
14,8860,5768480.2,6223,1616,25.97,Nothing Combo,466.62,651.07,4134253.2,1634227.0,28.33,4.181268882175226,4368,33.02,Volume Driver
15,8836,7247817.359999999,6175,1625,26.32,,,,,,,4.130434782608695,4194,32.19,Volume Driver
16,9008,8465448.16,6329,1599,25.26,Later Deluxe,552.73,939.77,4978991.84,3486456.3200000003,41.18,4.162754303599374,4335,32.49,Volume Driver
17,8930,3598164.9,6254,1611,25.76,,,,,,,4.137085137085137,3447,27.85,Volume Driver
18,9018,6986334.78,6364,1645,25.85,Door Deluxe,530.76,774.71,4786393.68,2199941.1000000006,31.49,4.105950653120464,3905,30.22,Volume Driver
19,8872,5737433.680000001,6221,1588,25.53,Again Classic,264.63,646.69,2347797.36,3389636.3200000008,59.08,4.123145400593472,4157,31.91,Profit Driver
20,8823,10747649.22,6249,1623,25.97,Tell Platter,599.21,1218.14,5286829.83,5460819.390000001,50.81,4.124203821656051,3836,30.3,Profit Driver
21,8808,12003366.24,6195,1615,26.07,Industry Platter,773.75,1362.78,6815190.0,5188176.24,43.22,4.127659574468085,3952,30.97,Low Performer
22,9041,11109490.39,6363,1693,26.61,Plan Combo,860.21,1228.79,7777158.61,3332331.7800000003,30.0,4.073746312684365,4525,33.36,Volume Driver
23,8860,7247922.999999999,6247,1589,25.44,Raise Combo,549.53,818.05,4868835.8,2379087.1999999993,32.82,4.223127035830619,4298,32.66,Volume Driver
24,8529,10286571.03,6053,1519,25.09,Control Special,545.76,1206.07,4654787.04,5631783.989999999,54.75,4.135493372606775,4216,33.08,Hidden Opportunity
25,8982,14203685.7,6249,1659,26.55,Before Combo,667.4,1581.35,5994586.8,8209098.899999999,57.8,4.1740458015267174,3733,29.36,Profit Driver
26,9016,7188637.12,6333,1612,25.45,Court Special,538.18,797.32,4852230.88,2336406.24,32.5,4.071875,4139,31.46,Volume Driver
27,8996,8750229.28,6306,1605,25.45,Service Special,591.23,972.68,5318705.08,3431524.1999999993,39.22,4.180428134556575,4226,31.96,Volume Driver
28,8622,8832290.58,6086,1550,25.47,Role Platter,623.33,1024.39,5374351.260000001,3457939.3199999994,39.15,4.151515151515151,4421,33.9,Low Performer
29,8810,6666438.9,6232,1551,24.89,Scientist Special,328.5,756.69,2894085.0,3772353.9000000004,56.59,4.182621502209131,3975,31.09,Hidden Opportunity
30,8745,16061241.899999999,6159,1597,25.93,Member Combo,851.64,1836.62,7447591.8,8613650.099999998,53.63,4.196825396825397,4215,32.52,Hidden Opportunity
31,8862,10617739.44,6227,1592,25.57,Country Platter,755.62,1198.12,6696304.44,3921434.999999999,36.93,4.051593323216996,3887,30.49,Volume Driver
32,8866,10547968.86,6242,1584,25.38,Trouble Platter,458.33,1189.71,4063553.78,6484415.08,61.48,4.13323124042879,4563,33.98,Profit Driver
33,8952,15585611.04,6323,1620,25.62,Attention Platter,696.16,1741.02,6232024.319999999,9353586.719999999,60.01,4.210762331838565,4026,31.02,Profit Driver
34,8654,7217349.46,6133,1574,25.66,Open Special,552.21,833.99,4778825.34,2438524.12,33.79,4.177068214804064,3996,31.59,Low Performer
35,8677,9880846.98,6106,1532,25.09,Pressure Classic,805.86,1138.74,6992447.22,2888399.7600000007,29.23,4.173976608187134,4174,32.48,Low Performer
36,8889,20420344.14,6216,1552,24.97,Recent Platter,899.46,2297.26,7995299.94,12425044.2,60.85,4.133333333333334,4690,34.54,Profit Driver
37,8837,7364490.69,6230,1547,24.83,Phone Combo,514.23,833.37,4544250.51,2820240.1800000006,38.3,4.106750392464678,3783,29.98,Volume Driver
38,8805,2517349.5,6246,1614,25.84,Recently Combo,151.62,285.9,1335014.1,1182335.4,46.97,4.169753086419753,4149,32.03,Low Performer
39,8725,21152977.25,6161,1600,25.97,Company Classic,867.99,2424.41,7573212.75,13579764.5,64.2,4.150584795321637,4219,32.59,Hidden Opportunity
40,8647,8868363.2,6083,1574,25.88,Expert Classic,372.53,1025.6,3221266.9099999997,5647096.289999999,63.68,4.201963534361852,4207,32.73,Hidden Opportunity
41,8820,4672218.600000001,6207,1609,25.92,Traditional Combo,385.2,529.73,3397464.0,1274754.6000000006,27.28,4.076923076923077,3968,31.03,Volume Driver
42,8805,6688542.149999999,6199,1584,25.55,Pay Classic,548.34,759.63,4828133.7,1860408.4499999993,27.81,4.078796561604585,4403,33.34,Low Performer
43,8689,2453252.26,6112,1563,25.57,Fight Special,201.39,282.34,1749877.71,703374.5499999998,28.67,4.197802197802198,4041,31.74,Low Performer
44,8714,11894958.56,6203,1543,24.88,Ability Classic,817.72,1365.04,7125612.08,4769346.48,40.1,4.124444444444444,4332,33.21,Low Performer
45,8934,9026466.9,6273,1564,24.93,Up Classic,464.42,1010.35,4149128.2800000003,4877338.62,54.03,4.131994261119082,3899,30.38,Profit Driver
46,8755,6302374.3,6182,1592,25.75,While Special,303.19,719.86,2654428.45,3647945.8499999996,57.88,4.173601147776184,4158,32.2,Hidden Opportunity
47,9017,10316259.53,6272,1604,25.57,Mr Deluxe,653.77,1144.09,5895044.09,4421215.4399999995,42.86,4.170058139534884,4064,31.07,Volume Driver
48,8716,11511482.68,6160,1578,25.62,Skin Platter,615.87,1320.73,5367922.92,6143559.76,53.37,4.092284417549168,4218,32.61,Hidden Opportunity
49,8781,6967021.02,6185,1597,25.82,Tend Deluxe,529.41,793.42,4648749.21,2318271.8099999996,33.27,4.17603550295858,3944,30.99,Low Performer
50,8906,5845631.22,6253,1582,25.3,Might Classic,427.15,656.37,3804197.9,2041433.3199999998,34.92,4.196107784431137,3883,30.36,Volume Driver
51,8877,18029364.54,6249,1597,25.56,True Platter,890.42,2031.02,7904258.34,10125106.2,56.16,4.135371179039302,3804,30.0,Profit Driver
52,8739,15326370.81,6143,1521,24.76,Material Special,647.54,1753.79,5658852.06,9667518.75,63.08,4.204052098408104,4371,33.34,Hidden Opportunity
53,8845,4338118.7,6223,1666,26.77,Black Deluxe,230.28,490.46,2036826.6,2301292.1,53.05,4.1017964071856285,3924,30.73,Profit Driver
54,8664,9572420.399999999,6085,1552,25.51,Price Deluxe,688.21,1104.85,5962651.44,3609768.959999998,37.71,4.133823529411765,4000,31.59,Low Performer
55,8697,18523131.509999998,6172,1565,25.36,Turn Platter,829.0,2129.83,7209813.0,11313318.509999998,61.08,4.15597667638484,4168,32.4,Hidden Opportunity
56,8961,2953455.9899999998,6244,1575,25.22,Life Special,183.07,329.59,1640490.27,1312965.7199999997,44.46,4.126865671641791,4124,31.52,Volume Driver
57,8884,10086360.559999999,6128,1604,26.17,Child Classic,481.38,1135.34,4276579.92,5809780.639999999,57.6,4.183139534883721,3677,29.27,Profit Driver
58,8654,17365029.86,6140,1584,25.8,Effect Special,858.79,2006.59,7431968.66,9933061.2,57.2,4.119808306709265,3909,31.12,Hidden Opportunity
59,8884,8073779.199999999,6244,1553,24.87,Coach Combo,426.91,908.8,3792668.4400000004,4281110.759999999,53.02,4.142228739002933,4130,31.74,Profit Driver
60,8749,10002469.23,6186,1636,26.45,Enough Platter,423.49,1143.27,3705114.0100000002,6297355.220000001,62.96,4.138041733547351,4208,32.48,Hidden Opportunity
61,8740,4285047.2,6115,1594,26.07,Themselves Classic,337.15,490.28,2946691.0,1338356.2000000002,31.23,4.142647058823529,4198,32.45,Low Performer
62,8639,16540315.79,6089,1558,25.59,Few Special,712.11,1914.61,6151918.29,10388397.5,62.81,4.131147540983607,4262,33.04,Hidden Opportunity
63,8830,17552097.4,6233,1619,25.97,This Platter,758.08,1987.78,6693846.4,10858250.999999998,61.86,4.198821796759941,4348,32.99,Profit Driver
64,8674,9334698.58,6120,1532,25.03,Sign Special,399.14,1076.17,3462140.36,5872558.220000001,62.91,4.177233429394812,4087,32.03,Hidden Opportunity
65,8889,11258985.18,6220,1631,26.22,History Platter,675.96,1266.62,6008608.44,5250376.739999999,46.63,4.16012084592145,4338,32.8,Volume Driver
66,8837,13411031.2,6161,1559,25.3,Bag Deluxe,762.44,1517.6,6737682.28,6673348.919999999,49.76,4.0846953937592865,4180,32.11,Volume Driver
67,8899,10892820.95,6226,1582,25.41,Onto Deluxe,645.02,1224.05,5740032.9799999995,5152787.97,47.3,4.102384291725105,4324,32.7,Volume Driver
68,8958,7282047.779999999,6290,1620,25.76,Pull Combo,359.34,812.91,3218967.7199999997,4063080.0599999996,55.8,4.130952380952381,4298,32.42,Profit Driver
69,8782,3920987.3600000003,6157,1600,25.99,Than Deluxe,170.7,446.48,1499087.4,2421899.9600000004,61.77,4.086553323029366,4315,32.95,Hidden Opportunity
70,8937,10768191.3,6250,1600,25.6,Central Classic,887.66,1204.9,7933017.42,2835173.880000001,26.33,4.114369501466276,3982,30.82,Volume Driver
71,8950,12942147.5,6271,1654,26.38,Bit Classic,739.82,1446.05,6621389.0,6320758.5,48.84,4.191626409017713,3988,30.82,Volume Driver
72,8920,8739013.200000001,6227,1630,26.18,Hold Combo,582.44,979.71,5195364.800000001,3543648.4000000004,40.55,4.126315789473685,3973,30.82,Volume Driver
73,8886,15631273.739999998,6307,1619,25.67,Against Special,754.88,1759.09,6707863.68,8923410.059999999,57.09,4.104499274310595,4431,33.27,Profit Driver
74,8799,20327889.75,6180,1609,26.04,Southern Classic,861.66,2310.25,7581746.34,12746143.41,62.7,4.054455445544554,3971,31.1,Hidden Opportunity
75,8918,5753982.78,6328,1658,26.2,Success Classic,243.47,645.21,2171265.46,3582717.3200000003,62.26,4.110481586402266,4179,31.91,Profit Driver
76,8859,5244173.640000001,6197,1638,26.43,,,,,,,4.105421686746988,4162,31.96,Volume Driver
77,8761,10620434.64,6243,1567,25.1,High Special,648.7,1212.24,5683260.7,4937173.94,46.49,4.122719734660033,4274,32.79,Low Performer
78,8941,10366195.4,6211,1588,25.57,Measure Deluxe,454.56,1159.4,4064220.96,6301974.44,60.79,4.1559055118110235,3812,29.89,Profit Driver
79,8650,14133148.5,6087,1559,25.61,Probably Deluxe,739.32,1633.89,6395118.0,7738030.5,54.75,4.166153846153846,4065,31.97,Hidden Opportunity
80,8869,12037716.32,6269,1641,26.18,Specific Special,656.72,1357.28,5824449.680000001,6213266.64,51.61,4.144525547445255,3898,30.53,Profit Driver
81,9051,13070368.08,6305,1684,26.71,House Platter,647.89,1444.08,5864052.39,7206315.69,55.13,4.141566265060241,4126,31.31,Profit Driver
82,8764,4462190.6,6173,1628,26.37,Hotel Platter,318.48,509.15,2791158.72,1671031.8799999994,37.45,4.128093158660844,4416,33.51,Low Performer
83,8726,11375649.9,6163,1575,25.56,Reduce Platter,506.35,1303.65,4418410.100000001,6957239.8,61.16,4.174041297935103,4120,32.07,Hidden Opportunity
84,8575,8493709.0,6090,1554,25.52,Box Combo,622.32,990.52,5336394.0,3157315.0,37.17,4.069701280227596,4205,32.9,Low Performer
85,8882,5398124.32,6226,1620,26.02,Positive Platter,260.68,607.76,2315359.7600000002,3082764.56,57.11,4.191240875912409,4415,33.2,Profit Driver
86,8818,15564828.159999998,6202,1644,26.51,Others Combo,753.08,1765.12,6640659.44,8924168.719999999,57.34,4.122418879056047,3726,29.7,Hidden Opportunity
87,8782,10908122.2,6206,1587,25.57,Forget Special,838.1,1242.1,7360194.2,3547927.999999999,32.53,4.13622754491018,4072,31.68,Low Performer
88,9037,17657846.150000002,6280,1573,25.05,Language Combo,890.92,1953.95,8051244.04,9606602.110000003,54.4,4.134304207119741,4148,31.46,Profit Driver
89,8649,13743174.51,6137,1584,25.81,Foot Classic,819.02,1588.99,7083703.9799999995,6659470.53,48.46,4.157051282051282,4124,32.29,Low Performer
90,8944,12736077.120000001,6265,1619,25.84,Speak Deluxe,707.74,1423.98,6330026.5600000005,6406050.5600000005,50.3,4.1017964071856285,4424,33.09,Profit Driver
91,8765,7739144.4,6144,1563,25.44,No Combo,357.98,882.96,3137694.7,4601449.7,59.46,4.090909090909091,3847,30.5,Hidden Opportunity
92,8746,3146286.04,6210,1652,26.6,Will Deluxe,208.11,359.74,1820130.06,1326155.98,42.15,4.158050221565731,3923,30.97,Low Performer
93,8699,7279845.14,6130,1611,26.28,Building Special,555.11,836.86,4828901.89,2450943.25,33.67,4.114630467571644,4091,31.99,Low Performer
94,8679,8238540.75,6172,1588,25.73,Either Combo,679.81,949.25,5900070.989999999,2338469.7600000007,28.38,4.1140625,4250,32.87,Low Performer
95,8936,6645345.76,6267,1560,24.89,Mrs Combo,461.83,743.66,4126912.88,2518432.88,37.9,4.1170046801872076,4403,33.01,Volume Driver
96,8819,12152493.81,6212,1605,25.84,Establish Classic,588.06,1377.99,5186101.14,6966392.670000001,57.32,4.080123266563945,4037,31.4,Profit Driver
97,8792,13171031.44,6218,1577,25.36,Majority Combo,857.06,1498.07,7535271.52,5635759.92,42.79,4.145616641901932,3964,31.08,Low Performer
98,8858,15521961.98,6192,1633,26.37,Letter Special,700.98,1752.31,6209280.84,9312681.14,60.0,4.095092024539877,4301,32.68,Profit Driver
99,8919,6379939.079999999,6297,1604,25.47,,,,,,,4.149779735682819,4039,31.17,Volume Driver
100,8875,18556560.0,6257,1664,26.59,City Classic,780.38,2090.88,6925872.5,11630687.5,62.68,4.147335423197492,3959,30.85,Profit Driver
101,8783,8399622.05,6190,1573,25.41,Race Platter,445.52,956.35,3913002.1599999997,4486619.890000001,53.41,4.085803432137285,4514,33.95,Hidden Opportunity
102,8879,4454239.140000001,6233,1572,25.22,Whose Platter,251.77,501.66,2235465.83,2218773.3100000005,49.81,4.101978691019787,4008,31.1,Volume Driver
103,8694,4805608.5,6159,1576,25.59,Resource Combo,308.75,552.75,2684272.5,2121336.0,44.14,4.224582701062215,4576,34.48,Low Performer
104,8780,11405132.200000001,6171,1538,24.92,Hard Platter,773.94,1298.99,6795193.2,4609939.000000001,40.42,4.113737075332349,4307,32.91,Low Performer
105,8631,13401267.39,6042,1494,24.73,Strong Deluxe,554.56,1552.69,4786407.359999999,8614860.030000001,64.28,4.136807817589577,4121,32.32,Hidden Opportunity
106,8966,15028360.9,6290,1641,26.09,Affect Platter,735.92,1676.15,6598258.72,8430102.18,56.09,4.1568627450980395,4413,32.98,Profit Driver
107,8806,2224923.96,6131,1577,25.72,Story Special,165.29,252.66,1455543.74,769380.22,34.58,4.136887608069165,3714,29.66,Low Performer
108,8634,8048701.140000001,6074,1525,25.11,Under Deluxe,572.98,932.21,4947109.32,3101591.8200000003,38.54,4.115097159940209,3967,31.48,Low Performer
109,8882,13023765.42,6212,1681,27.06,Popular Platter,605.44,1466.31,5377518.08,7646247.34,58.71,4.081690140845071,3827,30.11,Profit Driver
110,8791,2718968.39,6168,1582,25.65,Daughter Deluxe,231.07,309.29,2031336.3699999999,687632.0200000003,25.29,4.147321428571429,3904,30.75,Low Performer
111,8799,14483505.959999999,6156,1596,25.93,Decision Special,868.63,1646.04,7643075.37,6840430.589999999,47.23,4.143721633888048,4134,31.96,Low Performer
112,8644,11119382.28,6148,1596,25.96,Explain Deluxe,772.93,1286.37,6681206.92,4438175.359999999,39.91,4.201481481481482,4592,34.69,Low Performer
113,8708,13981477.719999999,6123,1569,25.62,Morning Platter,747.17,1605.59,6506356.359999999,7475121.359999999,53.46,4.146412884333821,4427,33.7,Hidden Opportunity
114,8670,7862129.4,6210,1561,25.14,Certain Deluxe,646.14,906.82,5602033.8,2260095.6000000006,28.75,4.124423963133641,4334,33.33,Low Performer
115,8833,9876707.280000001,6209,1611,25.95,List Deluxe,766.75,1118.16,6772702.75,3104004.530000001,31.43,4.1535087719298245,4473,33.62,Volume Driver
116,8712,9968444.64,6126,1575,25.71,Kind Deluxe,476.62,1144.22,4152313.44,5816131.200000001,58.35,4.188767550702028,4150,32.27,Hidden Opportunity
117,8919,10000339.56,6318,1679,26.57,Keep Combo,553.63,1121.24,4937825.97,5062513.590000001,50.62,4.084425036390102,3917,30.52,Profit Driver
118,8599,17269457.69,6099,1570,25.74,Movement Platter,788.78,2008.31,6782719.22,10486738.470000003,60.72,4.175074183976261,4216,32.9,Hidden Opportunity
119,9018,5995346.760000001,6322,1619,25.61,Body Classic,332.9,664.82,3002092.1999999997,2993254.560000001,49.93,4.201526717557252,4082,31.16,Profit Driver
120,8966,8345732.12,6263,1637,26.14,Talk Combo,520.73,930.82,4668865.18,3676866.9400000004,44.06,4.1401459854014595,4079,31.27,Volume Driver
121,8800,5201592.0,6175,1560,25.26,Analysis Classic,343.76,591.09,3025088.0,2176504.0,41.84,4.146831530139104,4343,33.04,Low Performer
122,8865,7559540.100000001,6236,1640,26.3,Statement Special,537.47,852.74,4764671.55,2794868.5500000007,36.97,4.144230769230769,4117,31.71,Volume Driver
123,8804,14778658.520000001,6153,1590,25.84,Six Combo,718.62,1678.63,6326730.48,8451928.040000001,57.19,4.112927191679049,4136,31.96,Hidden Opportunity
124,8982,3222561.96,6291,1611,25.61,Bar Special,219.79,358.78,1974153.78,1248408.18,38.74,4.1340523882896765,4067,31.17,Volume Driver
125,8661,7873801.71,6173,1548,25.08,Road Deluxe,426.77,909.11,3696254.9699999997,4177546.74,53.06,4.097633136094674,4785,35.59,Hidden Opportunity
126,8701,8950022.62,6120,1579,25.8,Public Combo,562.79,1028.62,4896835.79,4053186.829999999,45.29,4.084958217270195,4348,33.32,Low Performer
127,8877,6827478.24,6235,1625,26.06,Audience Deluxe,322.9,769.12,2866383.3,3961094.9400000004,58.02,4.201863354037267,3884,30.44,Profit Driver
128,8909,17957782.21,6266,1649,26.32,Hot Special,863.16,2015.69,7689892.4399999995,10267889.770000001,57.18,4.133437990580847,4299,32.55,Profit Driver
129,8935,6974929.05,6254,1580,25.26,Impact Classic,357.37,780.63,3193100.95,3781828.0999999996,54.22,4.131818181818182,4270,32.34,Profit Driver
130,8752,3138817.28,6205,1604,25.85,Consider Special,225.39,358.64,1972613.2799999998,1166204.0,37.15,4.178316690442226,4287,32.88,Low Performer
131,8787,2965348.89,6270,1614,25.74,Seek Deluxe,160.61,337.47,1411280.07,1554068.82,52.41,4.105497771173848,4416,33.45,Hidden Opportunity
132,8849,7499792.97,6174,1565,25.35,,,,,,,4.166666666666667,4033,31.31,Volume Driver
133,8907,2448178.02,6212,1610,25.92,Serve Combo,159.2,274.86,1417994.4,1030183.6200000001,42.08,4.177285318559557,4099,31.52,Volume Driver
134,8672,12725292.8,6112,1563,25.57,Unit Combo,874.12,1467.4,7580368.64,5144924.160000001,40.43,4.181818181818182,4519,34.26,Low Performer
135,8861,5633380.75,6290,1633,25.96,Security Platter,450.53,635.75,3992146.3299999996,1641234.4200000004,29.13,4.081694402420575,4284,32.59,Volume Driver
136,8767,8806626.84,6190,1585,25.61,Car Special,572.13,1004.52,5015863.71,3790763.13,43.04,4.1598302687411595,4158,32.17,Low Performer
137,8866,8990124.0,6283,1597,25.42,That Classic,462.13,1014.0,4097244.58,4892879.42,54.43,4.179775280898877,3882,30.45,Profit Driver
138,8871,10281843.84,6227,1628,26.14,Owner Deluxe,435.28,1159.04,3861368.88,6420474.96,62.44,4.077625570776256,4609,34.19,Profit Driver
139,8979,7594797.36,6287,1589,25.27,Long Classic,379.04,845.84,3403400.16,4191397.2,55.19,4.130769230769231,4353,32.65,Profit Driver
140,8768,4334899.2,6193,1561,25.21,Charge Platter,305.84,494.4,2681605.1199999996,1653294.0800000005,38.14,4.159754224270353,4178,32.27,Low Performer
141,8695,7526478.95,6042,1584,26.22,Effort Combo,563.99,865.61,4903893.05,2622585.9000000004,34.84,4.10260336906585,4201,32.58,Low Performer
142,8807,5969032.32,6169,1520,24.64,Teach Deluxe,502.43,677.76,4424901.01,1544131.3100000005,25.87,4.078787878787879,4074,31.63,Low Performer
143,8853,10122874.32,6266,1547,24.69,Believe Deluxe,490.52,1143.44,4342573.56,5780300.760000001,57.1,4.133870967741935,3969,30.95,Profit Driver
144,8921,14697704.34,6317,1648,26.09,Many Classic,850.25,1647.54,7585080.25,7112624.09,48.39,4.159090909090909,3883,30.33,Volume Driver
145,8778,18534571.44,6181,1605,25.97,Institution Platter,831.31,2111.48,7297239.18,11237332.260000002,60.63,4.132835820895522,4188,32.3,Hidden Opportunity
146,8802,8120989.26,6184,1596,25.81,South Classic,380.71,922.63,3351009.42,4769979.84,58.74,4.131462333825701,3823,30.28,Hidden Opportunity
147,8858,7801594.92,6258,1569,25.07,Decide Combo,501.52,880.74,4442464.16,3359130.76,43.06,4.188449848024316,4337,32.87,Volume Driver
148,9032,6676815.680000001,6350,1621,25.53,Position Platter,520.35,739.24,4699801.2,1977014.4800000004,29.61,4.092669432918395,4238,31.94,Volume Driver
149,8656,6985478.56,6143,1615,26.29,Firm Special,602.79,807.01,5217750.239999999,1767728.3200000003,25.31,4.16066066066066,4645,34.92,Low Performer
150,8644,3502116.5999999996,6151,1600,26.01,Matter Deluxe,165.56,405.15,1431100.6400000001,2071015.9599999995,59.14,4.205748865355522,4321,33.33,Hidden Opportunity
