Item_ID,Price_Change_Pct,Total_Demand,Item_Name,Sensitivity
1,1.5626248344605205,9057,Evidence Classic,Low Price Sensitivity
2,3.0276388450021567,9274,Much Special,Moderately Price Sensitive
3,7.8477444761063655,9417,Wish Combo,Moderately Price Sensitive
4,5.697765541110367,9068,We Deluxe,Moderately Price Sensitive
5,2.5572882715739986,9258,Hundred Platter,Low Price Sensitivity
6,-8.561755108140263,9087,Particularly Combo,Moderately Price Sensitive
7,-8.129456839387883,9116,Property Special,Moderately Price Sensitive
8,8.777383592233578,9207,Join Platter,Moderately Price Sensitive
9,7.674758729864724,9181,Summer Classic,Moderately Price Sensitive
10,11.027905164780638,9149,Level Combo,Highly Price Sensitive
12,-0.9495700988916445,9098,Claim Special,Low Price Sensitivity
13,9.81324460663302,9212,West Special,Moderately Price Sensitive
14,5.492468521425464,9262,Nothing Combo,Moderately Price Sensitive
15,-4.424778761061932,9212,Wide Platter,Moderately Price Sensitive
16,12.501582925484211,9387,Later Deluxe,Highly Price Sensitive
17,14.851485148514843,9306,Until Deluxe,Highly Price Sensitive
18,-4.383517880238208,9408,Door Deluxe,Moderately Price Sensitive
19,-0.30765406997761424,9239,Again Classic,Low Price Sensitivity
20,11.014702686844615,9195,Tell Platter,Highly Price Sensitive
21,0.49854937427125634,9217,Industry Platter,Low Price Sensitivity
22,6.158871592589987,9441,Plan Combo,Moderately Price Sensitive
23,10.52483421485566,9250,Raise Combo,Highly Price Sensitive
24,6.4669248403867226,8884,Control Special,Moderately Price Sensitive
25,11.424461916886543,9342,Before Combo,Highly Price Sensitive
26,2.5110503081572864,9363,Court Special,Low Price Sensitivity
27,-3.2472999846539543,9339,Service Special,Moderately Price Sensitive
28,10.188931035980364,9012,Role Platter,Highly Price Sensitive
29,-0.12718968180633508,9190,Scientist Special,Low Price Sensitivity
30,7.157171177284447,9180,Member Combo,Moderately Price Sensitive
32,13.734272230378131,9230,Trouble Platter,Highly Price Sensitive
33,3.3340611656403047,9315,Attention Platter,Moderately Price Sensitive
34,6.235563977368608,9008,Open Special,Moderately Price Sensitive
36,3.2484880321679013,9266,Recent Platter,Moderately Price Sensitive
37,-8.735720674312496,9187,Phone Combo,Moderately Price Sensitive
38,-4.844627359392678,9181,Recently Combo,Moderately Price Sensitive
39,9.71605679704004,9073,Company Classic,Moderately Price Sensitive
41,-7.251504650738639,9211,Traditional Combo,Moderately Price Sensitive
43,-3.3651068746389345,9044,Fight Special,Moderately Price Sensitive
44,1.9061552337596988,9068,Ability Classic,Low Price Sensitivity
45,-3.1601012602256895,9287,Up Classic,Moderately Price Sensitive
46,1.3514209742490175,9124,While Special,Low Price Sensitivity
47,-6.1560891755998846,9372,Mr Deluxe,Moderately Price Sensitive
48,11.334631123787698,9077,Skin Platter,Highly Price Sensitive
49,-7.329824090077269,9155,Tend Deluxe,Moderately Price Sensitive
50,0.34595310079268415,9271,Might Classic,Low Price Sensitivity
51,6.093735890416366,9281,True Platter,Moderately Price Sensitive
52,3.7466424972872154,9101,Material Special,Moderately Price Sensitive
54,11.771118306034689,9010,Price Deluxe,Highly Price Sensitive
56,-5.263275765951109,9308,Life Special,Moderately Price Sensitive
58,3.39148657774882,9009,Effect Special,Moderately Price Sensitive
60,3.9180024341048174,9109,Enough Platter,Moderately Price Sensitive
61,-8.259737207981676,9090,Themselves Classic,Moderately Price Sensitive
63,-6.0646562944274285,9205,This Platter,Moderately Price Sensitive
64,-0.6021044499753545,9043,Sign Special,Low Price Sensitivity
66,-3.571313171247477,9210,Bag Deluxe,Moderately Price Sensitive
67,2.3398783293627545,9289,Onto Deluxe,Low Price Sensitivity
69,-1.7962350912487435,9126,Than Deluxe,Low Price Sensitivity
71,-4.2470237474720225,9330,Bit Classic,Moderately Price Sensitive
72,6.96716021013033,9269,Hold Combo,Moderately Price Sensitive
73,2.487826123773207,9251,Against Special,Low Price Sensitivity
74,8.176590976086029,9185,Southern Classic,Moderately Price Sensitive
76,-7.619047619047626,9230,Admit Classic,Moderately Price Sensitive
77,-7.619723551793784,9187,High Special,Moderately Price Sensitive
78,10.376081660452474,9349,Measure Deluxe,Highly Price Sensitive
79,-5.662214438810176,9030,Probably Deluxe,Moderately Price Sensitive
80,2.3526204374879844,9251,Specific Special,Low Price Sensitivity
81,0.6860873488087874,9442,House Platter,Low Price Sensitivity
82,1.679837737696447,9143,Hotel Platter,Low Price Sensitivity
83,-4.431572264425077,9121,Reduce Platter,Moderately Price Sensitive
85,4.221651736698566,9270,Positive Platter,Moderately Price Sensitive
86,14.559614190364822,9167,Others Combo,Highly Price Sensitive
89,1.9182868708911875,9001,Foot Classic,Low Price Sensitivity
92,5.992831283572593,9124,Will Deluxe,Moderately Price Sensitive
93,7.462595345198508,9051,Building Special,Moderately Price Sensitive
94,4.7188967667731285,9040,Either Combo,Moderately Price Sensitive
96,13.735471755122585,9166,Establish Classic,Highly Price Sensitive
97,2.5586497775365817,9179,Majority Combo,Low Price Sensitivity
99,-5.05050505050505,9288,Possible Deluxe,Moderately Price Sensitive
100,6.908953445026067,9200,City Classic,Moderately Price Sensitive
101,-4.150193702195304,9162,Race Platter,Moderately Price Sensitive
102,12.598892750484648,9228,Whose Platter,Highly Price Sensitive
103,14.610713621217508,9057,Resource Combo,Highly Price Sensitive
104,2.3560018719011326,9155,Hard Platter,Low Price Sensitivity
105,5.824475949755604,8986,Strong Deluxe,Moderately Price Sensitive
107,-6.317929470638828,9219,Story Special,Moderately Price Sensitive
108,5.003398917349554,8959,Under Deluxe,Moderately Price Sensitive
109,-1.3299053488556811,9268,Popular Platter,Low Price Sensitivity
111,7.40181672455249,9200,Decision Special,Moderately Price Sensitive
112,-9.868561821794275,8979,Explain Deluxe,Moderately Price Sensitive
114,3.1944349988827447,9069,Certain Deluxe,Moderately Price Sensitive
117,2.255230198670928,9302,Keep Combo,Low Price Sensitivity
118,-1.1794423106392005,8972,Movement Platter,Low Price Sensitivity
119,-0.5396294013287338,9356,Body Classic,Low Price Sensitivity
122,2.870467305740826,9193,Statement Special,Low Price Sensitivity
124,-3.5796474034201444,9329,Bar Special,Moderately Price Sensitive
125,3.0375443153895474,9010,Road Deluxe,Moderately Price Sensitive
126,-2.110343606092824,9066,Public Combo,Low Price Sensitivity
127,5.334017006686221,9259,Audience Deluxe,Moderately Price Sensitive
128,11.644876404832472,9293,Hot Special,Highly Price Sensitive
129,4.752916783014383,9352,Impact Classic,Moderately Price Sensitive
130,5.692728471265267,9165,Consider Special,Moderately Price Sensitive
132,-8.247422680412363,9223,Agree Special,Moderately Price Sensitive
133,-3.522480314659887,9335,Serve Combo,Moderately Price Sensitive
135,0.6860178804640554,9222,Security Platter,Low Price Sensitivity
136,6.952719380372807,9100,Car Special,Moderately Price Sensitive
137,-0.2243612361711739,9241,That Classic,Low Price Sensitivity
138,-0.6996105699994093,9219,Owner Deluxe,Low Price Sensitivity
140,-6.5562911923302885,9174,Charge Platter,Moderately Price Sensitive
141,-7.056526276807052,9087,Effort Combo,Moderately Price Sensitive
142,-3.9279194410623166,9199,Teach Deluxe,Moderately Price Sensitive
143,14.931970439947516,9253,Believe Deluxe,Highly Price Sensitive
144,8.016561605230155,9303,Many Classic,Moderately Price Sensitive
145,-5.647658420647417,9135,Institution Platter,Moderately Price Sensitive
146,9.780319441496799,9210,South Classic,Moderately Price Sensitive
148,-7.555791313453075,9418,Position Platter,Moderately Price Sensitive
149,3.2582415752207883,9022,Firm Special,Moderately Price Sensitive
150,2.799143870310139,9033,Matter Deluxe,Low Price Sensitivity
