Promotion_ID,Promotion_Name,Discount_Percent,Start_Date,End_Date,Applicable_Category_ID,Order_Volume,Total_Revenue,Avg_Order_Value,Trap_Flag
1,Combo Deal 1,30,2026-02-02,2026-02-20,8,1169,18051517.169999998,1544.3166370091537,OK
2,Flat Discount 2,30,2025-10-20,2025-11-13,7,1206,18458235.92,1530.4067589752094,Possible Trap (Lower AOV than non-promo)
3,Percentage Discount 3,25,2026-06-07,2026-07-15,6,1197,18281771.419999998,1527.0440544604076,Possible Trap (Lower AOV than non-promo)
4,Buy1Get1 4,20,2026-05-09,2026-06-11,2,1202,18384613.49,1531.4130354019157,Possible Trap (Lower AOV than non-promo)
5,Buy1Get1 5,25,2025-11-14,2025-12-01,8,1180,18359981.01,1557.382391212147,OK
6,Combo Deal 6,30,2026-01-22,2026-02-16,1,1193,18338861.39,1538.4950830536914,OK
7,Percentage Discount 7,20,2025-12-05,2026-01-10,5,1186,18290115.75,1542.5584675718985,OK
8,Percentage Discount 8,25,2025-10-05,2025-11-01,9,1278,19573402.14,1531.2056747242432,Possible Trap (Lower AOV than non-promo)
9,Combo Deal 9,25,2026-05-08,2026-05-15,1,1182,18349587.74,1552.4185905245345,OK
10,Buy1Get1 10,30,2025-12-05,2025-12-24,8,1247,19343794.78,1551.7242724209852,OK
11,Percentage Discount 11,15,2026-05-16,2026-06-20,5,1156,17717203.55,1533.9570173160173,Possible Trap (Lower AOV than non-promo)
12,Flat Discount 12,20,2026-07-02,2026-08-13,8,1158,17798651.19,1538.6109258298757,OK
13,Percentage Discount 13,10,2026-06-23,2026-07-31,10,1217,18880823.69,1550.2770087856147,OK
14,Flat Discount 14,20,2026-04-27,2026-05-19,9,1189,18226348.83,1534.3335996295982,Possible Trap (Lower AOV than non-promo)
15,Combo Deal 15,10,2026-05-22,2026-05-29,4,1235,18855244.8,1528.7209988649263,Possible Trap (Lower AOV than non-promo)
16,Combo Deal 16,10,2026-07-22,2026-08-05,3,1211,18761299.59,1550.7769540419904,OK
17,Buy1Get1 17,30,2026-02-02,2026-03-12,5,1199,18425461.4,1537.248573335558,OK
18,Combo Deal 18,25,2026-01-05,2026-02-07,4,1162,17787656.83,1532.7580206807409,Possible Trap (Lower AOV than non-promo)
19,Flat Discount 19,25,2025-10-11,2025-11-16,4,1233,18957755.29,1535.538254495383,OK
20,Flat Discount 20,10,2025-09-25,2025-11-09,5,1165,17952823.21,1541.4117978878683,OK
