Order_Date,Quantity,Python_Prediction,Python_Error
2026-07-16,3440,3621.967301379859,-181.96730137985878
2026-07-17,3781,3616.6224504679367,164.3775495320633
2026-07-18,3706,3623.2611783362554,82.7388216637446
2026-07-19,3580,3601.1433502700834,-21.143350270083374
2026-07-20,3862,3662.87645540962,199.12354459037988
2026-07-21,3666,3637.783995200886,28.216004799114216
2026-07-22,3642,3605.471441542725,36.52855845727481
2026-07-23,3608,3606.2769163880685,1.7230836119315427
2026-07-24,3690,3624.572310323196,65.42768967680422
2026-07-25,3963,3637.6880027236084,325.3119972763916
2026-07-26,3413,3608.199501769418,-195.19950176941802
2026-07-27,3982,3679.533935477064,302.466064522936
2026-07-28,3414,3631.2923476296405,-217.29234762964052
2026-07-29,4003,3648.125118518027,354.8748814819728
2026-07-30,3390,3610.5944224271843,-220.59442242718433
2026-07-31,3757,3637.1287693081663,119.87123069183372
2026-08-01,3887,3624.685632282988,262.3143677170119
2026-08-02,3821,3571.366932929802,249.6330670701982
2026-08-03,3562,3640.8786921938695,-78.87869219386948
2026-08-04,3678,3604.3030975729225,73.69690242707748
2026-08-05,3484,3633.460154763764,-149.46015476376397
2026-08-06,3689,3590.637958102477,98.36204189752289
2026-08-07,3237,3599.719821256653,-362.7198212566532
2026-08-08,3736,3652.3221297040427,83.67787029595729
2026-08-09,3681,3616.665437635466,64.33456236453412
2026-08-10,3330,3626.183016886972,-296.1830168869719
2026-08-11,3478,3643.0121491554746,-165.01214915547462
2026-08-12,3544,3614.434182308649,-70.43418230864881
2026-08-13,3384,3618.3226662851757,-234.32266628517573
2026-08-14,3659,3585.4904014831964,73.50959851680363
2026-08-15,3904,3630.894125237393,273.1058747626071
2026-08-16,4224,3607.8045572311985,616.1954427688015
2026-08-17,3744,3593.3256661400146,150.67433385998538
2026-08-18,3910,3618.4348721575625,291.5651278424375
2026-08-19,3869,3607.7009238644705,261.2990761355295
2026-08-20,3796,3590.3286514227966,205.6713485772034
2026-08-21,3506,3605.6908149405212,-99.69081494052125
2026-08-22,3429,3659.0435763653395,-230.0435763653395
2026-08-23,3660,3677.824037156053,-17.824037156052782
2026-08-24,3429,3658.2042297122453,-229.20422971224525
2026-08-25,3859,3673.0615222668853,185.93847773311472
2026-08-26,3706,3642.400079439547,63.59992056045303
2026-08-27,3737,3636.4709070329054,100.52909296709458
2026-08-28,3682,3606.4210075085375,75.57899249146249
2026-08-29,3245,3625.7451126818305,-380.7451126818305
2026-08-30,3729,3654.823379604863,74.17662039513698
2026-08-31,4015,3641.361414038959,373.6385859610409
2026-09-01,3037,3613.86842121314,-576.8684212131402
2026-09-02,3528,3640.4436500164416,-112.44365001644155
2026-09-03,3476,3612.126437886221,-136.12643788622108
2026-09-04,3738,3602.807468501394,135.19253149860606
2026-09-05,4060,3581.570984692496,478.42901530750396
2026-09-06,3682,3593.633436701351,88.366563298649
2026-09-07,3457,3657.280341359464,-200.28034135946382
2026-09-08,3425,3589.673598733767,-164.673598733767
2026-09-09,3710,3618.652376916025,91.34762308397512
2026-09-10,3360,3593.923705143898,-233.92370514389813
2026-09-11,3457,3621.195224230096,-164.19522423009585
2026-09-12,3926,3662.1362176765742,263.86378232342577
2026-09-13,3555,3605.4561748196766,-50.45617481967656
2026-09-14,3758,3632.067886270657,125.9321137293432
2026-09-15,3343,3612.5780133630788,-269.57801336307875
2026-09-16,3478,3644.5156375421398,-166.51563754213976
2026-09-17,3564,3605.3332639973055,-41.333263997305494
2026-09-18,3281,3600.5356317386527,-319.5356317386527
2026-09-19,3734,3669.656166156132,64.3438338438682
2026-09-20,3796,3614.220859122394,181.7791408776061
2026-09-21,3753,3651.5040929958286,101.49590700417139
2026-09-22,3506,3615.9051554213393,-109.90515542133926
2026-09-23,3701,3629.2772345262247,71.72276547377533
2026-09-24,3825,3618.63549773414,206.3645022658602
2026-09-25,1092,3584.776477973238,-2492.776477973238
