Item_ID,Avg_Rating,Rating_Count,Item_Name
1,4.1301775147929,676,Evidence Classic
2,4.209302325581396,645,Much Special
3,4.134146341463414,656,Wish Combo
4,4.171344165435746,677,We Deluxe
5,4.150746268656716,670,Hundred Platter
6,4.142172523961661,626,Particularly Combo
7,4.171344165435746,677,Property Special
8,4.136429608127721,689,Join Platter
9,4.1824512534818945,718,Summer Classic
10,4.119617224880383,627,Level Combo
11,4.158850226928895,661,Star Deluxe
12,4.131736526946108,668,Claim Special
13,4.186390532544379,676,West Special
14,4.181268882175226,662,Nothing Combo
15,4.130434782608695,644,Wide Platter
16,4.162754303599374,639,Later Deluxe
17,4.137085137085137,693,Until Deluxe
18,4.105950653120464,689,Door Deluxe
19,4.123145400593472,674,Again Classic
20,4.124203821656051,628,Tell Platter
21,4.127659574468085,705,Industry Platter
22,4.073746312684365,678,Plan Combo
23,4.223127035830619,614,Raise Combo
24,4.135493372606775,679,Control Special
25,4.1740458015267174,655,Before Combo
26,4.071875,640,Court Special
27,4.180428134556575,654,Service Special
28,4.151515151515151,627,Role Platter
29,4.182621502209131,679,Scientist Special
30,4.196825396825397,630,Member Combo
31,4.051593323216996,659,Country Platter
32,4.13323124042879,653,Trouble Platter
33,4.210762331838565,669,Attention Platter
34,4.177068214804064,689,Open Special
35,4.173976608187134,684,Pressure Classic
36,4.133333333333334,660,Recent Platter
37,4.106750392464678,637,Phone Combo
38,4.169753086419753,648,Recently Combo
39,4.150584795321637,684,Company Classic
40,4.201963534361852,713,Expert Classic
41,4.076923076923077,663,Traditional Combo
42,4.078796561604585,698,Pay Classic
43,4.197802197802198,728,Fight Special
44,4.124444444444444,675,Ability Classic
45,4.131994261119082,697,Up Classic
46,4.173601147776184,697,While Special
47,4.170058139534884,688,Mr Deluxe
48,4.092284417549168,661,Skin Platter
49,4.17603550295858,676,Tend Deluxe
50,4.196107784431137,668,Might Classic
51,4.135371179039302,687,True Platter
52,4.204052098408104,691,Material Special
53,4.1017964071856285,668,Black Deluxe
54,4.133823529411765,680,Price Deluxe
55,4.15597667638484,686,Turn Platter
56,4.126865671641791,670,Life Special
57,4.183139534883721,688,Child Classic
58,4.119808306709265,626,Effect Special
59,4.142228739002933,682,Coach Combo
60,4.138041733547351,623,Enough Platter
61,4.142647058823529,680,Themselves Classic
62,4.131147540983607,671,Few Special
63,4.198821796759941,679,This Platter
64,4.177233429394812,694,Sign Special
65,4.16012084592145,662,History Platter
66,4.0846953937592865,673,Bag Deluxe
67,4.102384291725105,713,Onto Deluxe
68,4.130952380952381,672,Pull Combo
69,4.086553323029366,647,Than Deluxe
70,4.114369501466276,682,Central Classic
71,4.191626409017713,621,Bit Classic
72,4.126315789473685,665,Hold Combo
73,4.104499274310595,689,Against Special
74,4.054455445544554,606,Southern Classic
75,4.110481586402266,706,Success Classic
76,4.105421686746988,664,Admit Classic
77,4.122719734660033,603,High Special
78,4.1559055118110235,635,Measure Deluxe
79,4.166153846153846,650,Probably Deluxe
80,4.144525547445255,685,Specific Special
81,4.141566265060241,664,House Platter
82,4.128093158660844,687,Hotel Platter
83,4.174041297935103,678,Reduce Platter
84,4.069701280227596,703,Box Combo
85,4.191240875912409,685,Positive Platter
86,4.122418879056047,678,Others Combo
87,4.13622754491018,668,Forget Special
88,4.134304207119741,618,Language Combo
89,4.157051282051282,624,Foot Classic
90,4.1017964071856285,668,Speak Deluxe
91,4.090909090909091,682,No Combo
92,4.158050221565731,677,Will Deluxe
93,4.114630467571644,663,Building Special
94,4.1140625,640,Either Combo
95,4.1170046801872076,641,Mrs Combo
96,4.080123266563945,649,Establish Classic
97,4.145616641901932,673,Majority Combo
98,4.095092024539877,652,Letter Special
99,4.149779735682819,681,Possible Deluxe
100,4.147335423197492,638,City Classic
101,4.085803432137285,641,Race Platter
102,4.101978691019787,657,Whose Platter
103,4.224582701062215,659,Resource Combo
104,4.113737075332349,677,Hard Platter
105,4.136807817589577,614,Strong Deluxe
106,4.1568627450980395,714,Affect Platter
107,4.136887608069165,694,Story Special
108,4.115097159940209,669,Under Deluxe
109,4.081690140845071,710,Popular Platter
110,4.147321428571429,672,Daughter Deluxe
111,4.143721633888048,661,Decision Special
112,4.201481481481482,675,Explain Deluxe
113,4.146412884333821,683,Morning Platter
114,4.124423963133641,651,Certain Deluxe
115,4.1535087719298245,684,List Deluxe
116,4.188767550702028,641,Kind Deluxe
117,4.084425036390102,687,Keep Combo
118,4.175074183976261,674,Movement Platter
119,4.201526717557252,655,Body Classic
120,4.1401459854014595,685,Talk Combo
121,4.146831530139104,647,Analysis Classic
122,4.144230769230769,624,Statement Special
123,4.112927191679049,673,Six Combo
124,4.1340523882896765,649,Bar Special
125,4.097633136094674,676,Road Deluxe
126,4.084958217270195,718,Public Combo
127,4.201863354037267,644,Audience Deluxe
128,4.133437990580847,637,Hot Special
129,4.131818181818182,660,Impact Classic
130,4.178316690442226,701,Consider Special
131,4.105497771173848,673,Seek Deluxe
132,4.166666666666667,630,Agree Special
133,4.177285318559557,722,Serve Combo
134,4.181818181818182,616,Unit Combo
135,4.081694402420575,661,Security Platter
136,4.1598302687411595,707,Car Special
137,4.179775280898877,623,That Classic
138,4.077625570776256,657,Owner Deluxe
139,4.130769230769231,650,Long Classic
140,4.159754224270353,651,Charge Platter
141,4.10260336906585,653,Effort Combo
142,4.078787878787879,660,Teach Deluxe
143,4.133870967741935,620,Believe Deluxe
144,4.159090909090909,660,Many Classic
145,4.132835820895522,670,Institution Platter
146,4.131462333825701,677,South Classic
147,4.188449848024316,658,Decide Combo
148,4.092669432918395,723,Position Platter
149,4.16066066066066,666,Firm Special
150,4.205748865355522,661,Matter Deluxe
