Order_Date,Actual,Spark_Prediction
2026-07-16,3440,3631.9169603001483
2026-07-17,3781,3634.389142751122
2026-07-18,3706,3615.141647845301
2026-07-19,3580,3607.116859773986
2026-07-20,3862,3647.465846506365
2026-07-21,3666,3628.6865390822404
2026-07-22,3642,3604.55020494569
2026-07-23,3608,3613.963487995638
2026-07-24,3690,3641.542626016246
2026-07-25,3963,3630.156699434354
2026-07-26,3413,3612.9489373011197
2026-07-27,3982,3665.129764897728
2026-07-28,3414,3621.0903424648013
2026-07-29,4003,3649.526617121684
2026-07-30,3390,3616.4959625947945
2026-07-31,3757,3655.184042210234
2026-08-01,3887,3617.488238928611
2026-08-02,3821,3576.225196461099
2026-08-03,3562,3624.367119002386
2026-08-04,3678,3596.093728950451
2026-08-05,3484,3634.2602582185496
2026-08-06,3689,3599.2259250408515
2026-08-07,3237,3616.1969800407014
2026-08-08,3736,3648.0959768450753
2026-08-09,3681,3623.4931881561474
2026-08-10,3330,3609.425857206428
2026-08-11,3478,3636.8942274588017
2026-08-12,3544,3615.0989268663147
2026-08-13,3384,3627.306665354846
2026-08-14,3659,3602.471906381975
2026-08-15,3904,3623.682327932353
2026-08-16,4224,3613.228948439696
2026-08-17,3744,3572.632579528014
2026-08-18,3910,3609.253139858489
2026-08-19,3869,3605.866174674153
2026-08-20,3796,3596.5209006767345
2026-08-21,3506,3621.234176208328
2026-08-22,3429,3653.1909539339063
2026-08-23,3660,3687.5500487550476
2026-08-24,3429,3642.0225696392517
2026-08-25,3859,3666.914741391901
2026-08-26,3706,3641.707806657737
2026-08-27,3737,3644.716424644123
2026-08-28,3682,3621.915877371434
2026-08-29,3245,3617.571222884
2026-08-30,3729,3664.199430733698
2026-08-31,4015,3623.9280507415447
2026-09-01,3037,3604.081823771899
2026-09-02,3528,3644.433962154959
2026-09-03,3476,3621.3848769251376
2026-09-04,3738,3620.4325584884737
2026-09-05,4060,3572.6543643153364
2026-09-06,3682,3598.280121019303
2026-09-07,3457,3641.731648479612
2026-09-08,3425,3581.1556111689174
2026-09-09,3710,3619.794990659337
2026-09-10,3360,3601.379277875899
2026-09-11,3457,3639.662633528528
2026-09-12,3926,3657.0400464719933
2026-09-13,3555,3610.788110685852
2026-09-14,3758,3615.836120004556
2026-09-15,3343,3603.212689849072
2026-09-16,3478,3646.6194249283417
2026-09-17,3564,3613.8945852175893
2026-09-18,3281,3617.01371894111
2026-09-19,3734,3665.2764930184912
2026-09-20,3796,3620.3853247847987
2026-09-21,3753,3634.566345691592
2026-09-22,3506,3606.345185296731
2026-09-23,3701,3629.7696054851626
2026-09-24,3825,3626.349333812699
2026-09-25,1092,3599.188930546036
