Item_ID,Total_Wasted,Wastage_Events,Historical_Demand,Item_Name,Wastage_Ratio,Risk_Label,Predicted_Risk,Risk_Level
1,4625,356,9057,Evidence Classic,0.33803537494518343,1,1,High
2,4417,360,9274,Much Special,0.3226206997297495,1,1,High
3,4318,328,9417,Wish Combo,0.3143793228977066,0,0,Low
4,4344,341,9068,We Deluxe,0.32388905457798983,1,1,High
5,4256,331,9258,Hundred Platter,0.31493266242415274,0,0,Low
6,4302,345,9087,Particularly Combo,0.32130853685861527,1,1,High
7,4140,318,9116,Property Special,0.3123114061557031,0,0,Low
8,4256,331,9207,Join Platter,0.31612567778355494,0,0,Low
9,4460,354,9181,Summer Classic,0.326955501796056,1,1,High
10,4072,311,9149,Level Combo,0.30799485666742304,0,0,Low
11,4022,307,9252,Star Deluxe,0.30299834262467984,0,0,Low
12,4041,313,9098,Claim Special,0.3075576527894056,0,0,Low
13,4014,336,9212,West Special,0.3034931196128837,0,0,Low
14,4368,337,9262,Nothing Combo,0.32046955245781367,1,1,High
15,4194,325,9212,Wide Platter,0.3128449947784574,0,0,Low
16,4335,356,9387,Later Deluxe,0.3159160472234368,0,0,Low
17,3447,293,9306,Until Deluxe,0.2702893436838391,0,0,Low
18,3905,326,9408,Door Deluxe,0.2933223165327124,0,0,Low
19,4157,345,9239,Again Classic,0.3103165123917587,0,0,Low
20,3836,322,9195,Tell Platter,0.2943749520374492,0,0,Low
21,3952,329,9217,Industry Platter,0.30009871668311944,0,0,Low
22,4525,363,9441,Plan Combo,0.32400114563941,1,1,High
23,4298,346,9250,Raise Combo,0.3172423974018305,0,0,Low
24,4216,339,8884,Control Special,0.32183206106870227,1,0,Low
25,3733,298,9342,Before Combo,0.28550669216061186,0,0,Low
26,4139,328,9363,Court Special,0.30654717819582283,0,0,Low
27,4226,342,9339,Service Special,0.31153704386288245,0,0,Low
28,4421,345,9012,Role Platter,0.32911486637385545,1,1,High
29,3975,318,9190,Scientist Special,0.3019369540448158,0,0,Low
30,4215,337,9180,Member Combo,0.3146696528555431,0,0,Low
31,3887,313,9226,Country Platter,0.2964233966292992,0,0,Low
32,4563,375,9230,Trouble Platter,0.3308199811498586,1,1,High
33,4026,330,9315,Attention Platter,0.30177647852484824,0,0,Low
34,3996,333,9008,Open Special,0.30729006459550906,0,0,Low
35,4174,341,9074,Pressure Classic,0.31506642512077293,0,0,Low
36,4690,355,9266,Recent Platter,0.3360561765548868,1,1,High
37,3783,301,9187,Phone Combo,0.29167309175019274,0,0,Low
38,4149,327,9181,Recently Combo,0.31125281320330084,0,0,Low
39,4219,321,9073,Company Classic,0.3174089678001806,0,0,Low
40,4207,334,9053,Expert Classic,0.3172699849170437,0,0,Low
41,3968,318,9211,Traditional Combo,0.30108505956445863,0,0,Low
42,4403,345,9169,Pay Classic,0.32441791924550545,1,1,High
43,4041,319,9044,Fight Special,0.30882690103171573,0,0,Low
44,4332,330,9068,Ability Classic,0.3232835820895522,1,1,High
45,3899,320,9287,Up Classic,0.29569240103139693,0,0,Low
46,4158,338,9124,While Special,0.31305526276163226,0,0,Low
47,4064,340,9372,Mr Deluxe,0.3024709735040191,0,0,Low
48,4218,337,9077,Skin Platter,0.31726212861978187,0,0,Low
49,3944,318,9155,Tend Deluxe,0.30109168638827394,0,0,Low
50,3883,288,9271,Might Classic,0.29519537783183825,0,0,Low
51,3804,326,9281,True Platter,0.29071455865494844,0,0,Low
52,4371,346,9101,Material Special,0.32445071258907365,1,1,High
53,3924,308,9195,Black Deluxe,0.2991081637319918,0,0,Low
54,4000,330,9010,Price Deluxe,0.3074558032282859,0,0,Low
55,4168,328,9076,Turn Platter,0.3147085472666868,0,0,Low
56,4124,348,9308,Life Special,0.3070279928528886,0,0,Low
57,3677,304,9220,Child Classic,0.2851050631929906,0,0,Low
58,3909,324,9009,Effect Special,0.30260102183000465,0,0,Low
59,4130,325,9241,Coach Combo,0.3088774212848702,0,0,Low
60,4208,336,9109,Enough Platter,0.3159870841781182,0,0,Low
61,4198,338,9090,Themselves Classic,0.3159241420830825,0,0,Low
62,4262,347,8968,Few Special,0.3221466364323507,1,1,High
63,4348,338,9205,This Platter,0.32081457979783073,1,1,High
64,4087,335,9043,Sign Special,0.31127189642041125,0,0,Low
65,4338,350,9261,History Platter,0.3189940436796823,0,0,Low
66,4180,325,9210,Bag Deluxe,0.3121732636295743,0,0,Low
67,4324,345,9289,Onto Deluxe,0.31763755233967533,0,0,Low
68,4298,329,9336,Pull Combo,0.3152413084934722,0,0,Low
69,4315,344,9126,Than Deluxe,0.32103266126032287,1,1,High
70,3982,326,9347,Central Classic,0.29874709280516165,0,0,Low
71,3988,343,9330,Bit Classic,0.2994443610151674,0,0,Low
72,3973,326,9269,Hold Combo,0.3000302069173841,0,0,Low
73,4431,358,9251,Against Special,0.32385616137991524,1,1,High
74,3971,320,9185,Southern Classic,0.30183946488294316,0,0,Low
75,4179,341,9281,Success Classic,0.31047548291233285,0,0,Low
76,4162,333,9230,Admit Classic,0.3107825567502987,0,0,Low
77,4274,358,9187,High Special,0.3175098432508729,0,0,Low
78,3812,308,9349,Measure Deluxe,0.2896436440999924,0,0,Low
79,4065,327,9030,Probably Deluxe,0.3104238258877434,0,0,Low
80,3898,317,9251,Specific Special,0.29644839911780363,0,0,Low
81,4126,339,9442,House Platter,0.3040978773584906,0,0,Low
82,4416,379,9143,Hotel Platter,0.32568773508370824,1,1,High
83,4120,334,9121,Reduce Platter,0.31115474662034587,0,0,Low
84,4205,311,8987,Box Combo,0.31875379017586414,0,0,Low
85,4415,342,9270,Positive Platter,0.3226160029229083,1,1,High
86,3726,303,9167,Others Combo,0.28899402776700533,0,0,Low
87,4072,323,9174,Forget Special,0.3074135588102069,0,0,Low
88,4148,316,9413,Language Combo,0.30587714770297175,0,0,Low
89,4124,329,9001,Foot Classic,0.3142095238095238,0,0,Low
90,4424,340,9250,Speak Deluxe,0.3235337136170835,1,1,High
91,3847,309,9184,No Combo,0.2952190929322385,0,0,Low
92,3923,323,9124,Will Deluxe,0.300682149153062,0,0,Low
93,4091,333,9051,Building Special,0.3112920407852686,0,0,Low
94,4250,339,9040,Either Combo,0.3197893152746426,0,0,Low
95,4403,348,9288,Mrs Combo,0.3215981301584983,1,1,High
96,4037,323,9166,Establish Classic,0.3057638415511626,0,0,Low
97,3964,319,9179,Majority Combo,0.3016054173324203,0,0,Low
98,4301,349,9233,Letter Special,0.3177922269838924,0,0,Low
99,4039,339,9288,Possible Deluxe,0.3030689577549336,0,0,Low
100,3959,342,9200,City Classic,0.3008587278668592,0,0,Low
101,4514,359,9162,Race Platter,0.3300672711319099,1,1,High
102,4008,337,9228,Whose Platter,0.3028105167724388,0,0,Low
103,4576,366,9057,Resource Combo,0.33565612851169957,1,1,High
104,4307,346,9155,Hard Platter,0.31993760213935524,1,1,High
105,4121,336,8986,Strong Deluxe,0.31441214618142976,0,0,Low
106,4413,356,9331,Affect Platter,0.32108556461001164,1,1,High
107,3714,307,9219,Story Special,0.28717234980282996,0,0,Low
108,3967,318,8959,Under Deluxe,0.30690082005260716,0,0,Low
109,3827,310,9268,Popular Platter,0.2922489499809087,0,0,Low
110,3904,309,9207,Daughter Deluxe,0.2977652352986042,0,0,Low
111,4134,331,9200,Decision Special,0.3100344982750862,0,0,Low
112,4592,349,8979,Explain Deluxe,0.338368580060423,1,1,High
113,4427,363,9096,Morning Platter,0.3273681875323523,1,1,High
114,4334,341,9069,Certain Deluxe,0.3233604416921585,1,1,High
115,4473,352,9254,List Deluxe,0.3258541560428353,1,1,High
116,4150,320,9107,Kind Deluxe,0.3130421664026552,0,0,Low
117,3917,313,9302,Keep Combo,0.29631590891898024,0,0,Low
118,4216,337,8972,Movement Platter,0.31968456172277826,0,0,Low
119,4082,316,9356,Body Classic,0.30376544128590566,0,0,Low
120,4079,320,9360,Talk Combo,0.3035196071136245,0,0,Low
121,4343,355,9162,Analysis Classic,0.32158459829692704,1,1,High
122,4117,331,9193,Statement Special,0.30931630353117956,0,0,Low
123,4136,329,9213,Six Combo,0.30983594276724846,0,0,Low
124,4067,315,9329,Bar Special,0.3035980889817856,0,0,Low
125,4785,375,9010,Road Deluxe,0.34686480608916276,1,1,High
126,4348,334,9066,Public Combo,0.32413895929625763,1,1,High
127,3884,309,9259,Audience Deluxe,0.2955185269725329,0,0,Low
128,4299,353,9293,Hot Special,0.3162889935256033,0,0,Low
129,4270,327,9352,Impact Classic,0.31346351490236385,0,0,Low
130,4287,355,9165,Consider Special,0.31868867082961644,0,0,Low
131,4416,355,9216,Seek Deluxe,0.323943661971831,1,1,High
132,4033,322,9223,Agree Special,0.3042395896197948,0,0,Low
133,4099,342,9335,Serve Combo,0.3051213339288373,0,0,Low
134,4519,332,9045,Unit Combo,0.33316130934827487,1,1,High
135,4284,340,9222,Security Platter,0.3171923589515771,0,0,Low
136,4158,335,9100,Car Special,0.3136219640971489,0,0,Low
137,3882,315,9241,That Classic,0.2958165053722472,0,0,Low
138,4609,354,9219,Owner Deluxe,0.3333092276540353,1,1,High
139,4353,355,9388,Long Classic,0.31678917109380683,0,1,High
140,4178,331,9174,Charge Platter,0.31291192330736967,0,0,Low
141,4201,337,9087,Effort Combo,0.31614990969295603,0,0,Low
142,4074,310,9199,Teach Deluxe,0.30693889851578393,0,0,Low
143,3969,319,9253,Believe Deluxe,0.3001815156557253,0,0,Low
144,3883,303,9303,Many Classic,0.2944789928712271,0,0,Low
145,4188,325,9135,Institution Platter,0.3143436163026345,0,0,Low
146,3823,317,9210,South Classic,0.2933323102892657,0,0,Low
147,4337,352,9275,Decide Combo,0.31861592712312664,0,0,Low
148,4238,349,9418,Position Platter,0.31033977738722907,0,0,Low
149,4645,370,9022,Firm Special,0.339869759274164,1,1,High
150,4321,342,9033,Matter Deluxe,0.3235734611352404,1,1,High
