Antecedent_Item_ID,Consequent_Item_ID,Pair_Count,Support,Confidence,Lift
8,9,518,0.005395271325903552,0.044582149926843964,4.1881919906813
9,8,518,0.005395271325903552,0.5068493150684932,4.1881919906813
12,9,164,0.0017081554004791167,0.01807959431154228,1.6984558217721861
9,12,164,0.0017081554004791167,0.16046966731898238,1.698455821772186
8,35,732,0.007624205811894594,0.0630002581977795,1.1274286653436738
35,8,732,0.007624205811894594,0.1364398881640261,1.1274286653436738
19,8,734,0.007645036975315072,0.1362033772499536,1.1254743308174582
8,19,734,0.007645036975315072,0.06317239005077889,1.125474330817458
27,8,731,0.007613790230184356,0.1355712166172107,1.1202506676494017
8,27,731,0.007613790230184356,0.0629141922712798,1.1202506676494015
71,78,224,0.002333090303093428,0.05134082053632821,1.1139507750718354
78,71,224,0.002333090303093428,0.05062146892655367,1.1139507750718354
8,23,717,0.007467972086241017,0.06170926930028402,1.1138760942884507
23,8,717,0.007467972086241017,0.13479977439368301,1.1138760942884505
59,109,226,0.002353921466513905,0.050559284116331094,1.1136033191119403
109,59,226,0.002353921466513905,0.05184675384262445,1.1136033191119403
72,96,234,0.002437246120195813,0.05229050279329609,1.112926440519698
96,72,234,0.002437246120195813,0.05187319884726225,1.112926440519698
18,116,231,0.0024059993750650973,0.050959629384513566,1.111204637112684
116,18,231,0.0024059993750650973,0.05246422893481717,1.111204637112684
22,46,274,0.002853869388605354,0.051455399061032865,1.109915269343915
46,22,274,0.002853869388605354,0.06155920017973489,1.109915269343915
8,31,712,0.007415894177689824,0.061278939667785526,1.1071492279834567
31,8,712,0.007415894177689824,0.13398569815581482,1.1071492279834565
76,139,224,0.002333090303093428,0.04952465177979217,1.1060390363754005
139,76,224,0.002333090303093428,0.05210514073040242,1.1060390363754005
29,56,270,0.0028122070617643997,0.051694428489373924,1.1031745008368061
56,29,270,0.0028122070617643997,0.06001333629695488,1.103174500836806
111,150,221,0.002301843557962712,0.05072297452375488,1.1017902226302503
150,111,221,0.002301843557962712,0.05,1.1017902226302503
122,16,218,0.0022705968128319967,0.05040462427745665,1.100351972914646
16,122,218,0.0022705968128319967,0.049567985447930875,1.1003519729146458
19,148,276,0.0028747005520258304,0.051215438856930785,1.1000434641283947
148,19,276,0.0028747005520258304,0.06174496644295302,1.1000434641283947
55,97,232,0.002416414956775336,0.05161290322580645,1.0997236659364573
97,55,232,0.002416414956775336,0.05148690634709276,1.0997236659364573
42,95,229,0.0023851682116446202,0.05035180299032542,1.0996989547545823
95,42,229,0.0023851682116446202,0.05209281164695177,1.0996989547545821
17,48,232,0.002416414956775336,0.05083260297984225,1.0987028843076663
48,17,232,0.002416414956775336,0.05222872579918955,1.0987028843076663
44,117,212,0.0022081033225705656,0.04909680407596109,1.0985281191640701
117,44,212,0.0022081033225705656,0.04940573292938709,1.09852811916407
54,115,235,0.0024476617019060514,0.05188783395893133,1.0970603255663944
115,54,235,0.0024476617019060514,0.05175071570138736,1.0970603255663944
30,123,274,0.002853869388605354,0.0512341062079282,1.0960308683206743
123,30,274,0.002853869388605354,0.06105169340463458,1.0960308683206743
78,133,226,0.002353921466513905,0.05107344632768362,1.0952784413493197
133,78,226,0.002353921466513905,0.05048023229841412,1.0952784413493197
97,138,231,0.0024059993750650973,0.05126498002663116,1.093280926778511
138,97,231,0.0024059993750650973,0.051310528653931584,1.093280926778511
30,77,275,0.002864284970315592,0.05142109199700823,1.0907951928044102
77,30,275,0.002864284970315592,0.06076005302695537,1.0907951928044102
80,124,222,0.002312259139672951,0.05095249024558182,1.0895208437590893
124,80,222,0.002312259139672951,0.049443207126948774,1.0895208437590893
58,138,229,0.0023851682116446202,0.051070472792149865,1.0891328504607527
138,58,229,0.0023851682116446202,0.05086628165259884,1.0891328504607527
58,144,228,0.002374752629934382,0.05084745762711865,1.0882444063262733
144,58,228,0.002374752629934382,0.05082478823004904,1.088244406326273
32,116,257,0.0026768044995312988,0.04988354037267081,1.0877398844379116
116,32,257,0.0026768044995312988,0.05836929366341131,1.0877398844379114
27,142,270,0.0028122070617643997,0.05007418397626113,1.0847523473738336
142,27,270,0.0028122070617643997,0.06092057761732852,1.0847523473738336
4,6,715,0.007447140922820539,0.22909323934636336,1.0843106684567092
6,4,715,0.007447140922820539,0.0352477199901405,1.0843106684567092
72,82,222,0.002312259139672951,0.049608938547486034,1.0834745655013953
82,72,222,0.002312259139672951,0.050500454959053684,1.0834745655013953
16,106,221,0.002301843557962712,0.05025011368804002,1.0834299158294907
106,16,221,0.002301843557962712,0.04962946328317988,1.0834299158294907
32,115,264,0.0027497135715029686,0.05124223602484472,1.0834105000540282
115,32,264,0.0027497135715029686,0.058136974234750054,1.0834105000540282
37,66,224,0.002333090303093428,0.049788841964881085,1.083214755732661
66,37,224,0.002333090303093428,0.05075912077951507,1.083214755732661
66,101,220,0.002291427976252474,0.0498527079084523,1.082641593822779
101,66,220,0.002291427976252474,0.049762497172585386,1.082641593822779
102,128,214,0.0022289344859910427,0.048880767473732295,1.0823437465758852
128,102,214,0.0022289344859910427,0.04935424354243542,1.082343746575885
30,53,260,0.0027080512446620146,0.048616305160807775,1.0822284856223405
53,30,260,0.0027080512446620146,0.06028286575469511,1.0822284856223405
37,84,219,0.002281012394542235,0.04867748388530785,1.0820850261237338
84,37,219,0.002281012394542235,0.05070618198657097,1.0820850261237338
115,133,229,0.0023851682116446202,0.05042942083241577,1.0814672088720658
133,115,229,0.0023851682116446202,0.051150323877596604,1.0814672088720656
139,123,217,0.002260181231121758,0.05047685508257734,1.0798312960067404
123,139,217,0.002260181231121758,0.04835115864527629,1.0798312960067402
94,128,211,0.002197687740860327,0.04876357753639935,1.0797488651452265
128,94,211,0.002197687740860327,0.048662361623616236,1.0797488651452265
48,123,224,0.002333090303093428,0.05042773525438991,1.0787804950476774
123,48,224,0.002333090303093428,0.049910873440285206,1.0787804950476771
21,67,258,0.0026872200812415375,0.049797336421540245,1.0787550247816062
67,21,258,0.0026872200812415375,0.0582129963898917,1.0787550247816062
60,87,229,0.0023851682116446202,0.05035180299032542,1.078598082351884
87,60,229,0.0023851682116446202,0.05109326193663543,1.078598082351884
109,142,217,0.002260181231121758,0.04978206010552879,1.0784240953817281
142,109,217,0.002260181231121758,0.048962093862815886,1.0784240953817281
99,126,220,0.002291427976252474,0.04873726185201595,1.077426781121817
126,99,220,0.002291427976252474,0.05065622841353903,1.077426781121817
145,99,221,0.002301843557962712,0.05061841502519469,1.076622513639553
99,145,221,0.002301843557962712,0.0489587948604342,1.0766225136395529
24,82,265,0.002760129153213207,0.04929315476190476,1.0765777499295897
82,24,265,0.002760129153213207,0.0602820746132848,1.0765777499295897
6,24,1222,0.012727840849911468,0.06024155780133103,1.0758541600643214
24,6,1222,0.012727840849911468,0.22730654761904762,1.0758541600643214
37,145,220,0.002291427976252474,0.0488997555012225,1.0753242156830902
145,37,220,0.002291427976252474,0.050389372423270726,1.0753242156830902
104,4,158,0.0016456619102176856,0.034948020349480205,1.075091135454532
4,104,158,0.0016456619102176856,0.0506247997436719,1.0750911354545318
84,103,217,0.002260181231121758,0.050243111831442464,1.0748309195491959
103,84,217,0.002260181231121758,0.04835115864527629,1.0748309195491959
148,135,224,0.002333090303093428,0.05011185682326622,1.0741771318601898
135,148,224,0.002333090303093428,0.05001116320607278,1.0741771318601896
51,147,221,0.002301843557962712,0.04848617814831066,1.0741019760081465
147,51,221,0.002301843557962712,0.05099215505306876,1.0741019760081465
127,143,219,0.002281012394542235,0.050542349411493194,1.0740528922083803
143,127,219,0.002281012394542235,0.04847277556440903,1.07405289220838
37,93,223,0.002322674721383189,0.049566570348966436,1.0739982891456257
93,37,223,0.002322674721383189,0.050327239900699615,1.0739982891456257
89,96,221,0.002301843557962712,0.05045662100456621,1.073894964009843
96,89,221,0.002301843557962712,0.04899135446685879,1.073894964009843
55,137,230,0.002395583793354859,0.05116796440489433,1.0738002759593235
137,55,230,0.002395583793354859,0.05027322404371585,1.0738002759593233
22,139,256,0.0026663889178210605,0.04807511737089202,1.0736664384227361
139,22,256,0.0026663889178210605,0.05954873226331705,1.0736664384227361
46,115,226,0.002353921466513905,0.05077510671759155,1.0735340224523156
115,46,226,0.002353921466513905,0.04976877339792997,1.0735340224523156
78,123,222,0.002312259139672951,0.05016949152542373,1.073255989606937
123,78,222,0.002312259139672951,0.04946524064171123,1.0732559896069367
49,94,212,0.0022081033225705656,0.04831358249772106,1.0720099504520912
94,49,212,0.0022081033225705656,0.04899468453894153,1.0720099504520912
100,145,218,0.0022705968128319967,0.048747763864042934,1.071981861792662
145,100,218,0.0022705968128319967,0.04993128721942281,1.071981861792662
28,105,252,0.0026247265909801064,0.04886561954624782,1.0718730026582712
105,28,252,0.0026247265909801064,0.05757368060315284,1.071873002658271
89,118,217,0.002260181231121758,0.04954337899543379,1.070355494453555
118,89,217,0.002260181231121758,0.04882988298829883,1.070355494453555
136,79,226,0.002353921466513905,0.049431321084864394,1.0693783545195652
79,136,226,0.002353921466513905,0.05092383956737269,1.069378354519565
21,150,255,0.0026559733361108217,0.04921829762594094,1.0691060531824863
150,21,255,0.0026559733361108217,0.057692307692307696,1.0691060531824863
55,143,226,0.002353921466513905,0.05027808676307008,1.0684371647017172
143,55,226,0.002353921466513905,0.05002213368747233,1.068437164701717
44,119,214,0.0022289344859910427,0.04955998147290412,1.0683102427511282
119,44,214,0.0022289344859910427,0.04804669959586888,1.068310242751128
71,148,217,0.002260181231121758,0.04973641989456796,1.0682759897265033
148,71,217,0.002260181231121758,0.04854586129753915,1.0682759897265033
49,112,218,0.0022705968128319967,0.04968094804010939,1.0680402645165479
112,49,218,0.0022705968128319967,0.048813255709807435,1.0680402645165479
136,146,223,0.002322674721383189,0.048775153105861765,1.0679367046051969
146,136,223,0.002322674721383189,0.0508551881413911,1.0679367046051966
111,135,217,0.002260181231121758,0.0498049116364471,1.0675975812045737
135,111,217,0.002260181231121758,0.04844831435588301,1.0675975812045737
82,91,216,0.0022497656494115197,0.04913557779799818,1.0673092362863814
91,82,216,0.0022497656494115197,0.048868778280542986,1.0673092362863814
20,131,256,0.0026663889178210605,0.04878048780487805,1.0661084985536857
131,20,256,0.0026663889178210605,0.05827452765763715,1.0661084985536857
105,132,214,0.0022289344859910427,0.04889193511537583,1.0658752703059113
132,105,214,0.0022289344859910427,0.0485921889191644,1.0658752703059113
43,89,222,0.002312259139672951,0.04860959054083643,1.0655266638871475
89,43,222,0.002312259139672951,0.050684931506849315,1.0655266638871475
31,131,259,0.002697635662951776,0.048739179525780954,1.065205696851862
131,31,259,0.002697635662951776,0.058957432278625085,1.065205696851862
138,144,224,0.002333090303093428,0.04975566414926699,1.0648776894719403
144,138,224,0.002333090303093428,0.04993312527864467,1.0648776894719403
33,88,259,0.002697635662951776,0.049146110056926,1.064647569170908
88,33,259,0.002697635662951776,0.05843862815884476,1.064647569170908
52,146,215,0.002239350067701281,0.04862053369516056,1.0645512976219762
146,52,215,0.002239350067701281,0.04903078677309008,1.0645512976219762
98,129,214,0.0022289344859910427,0.0491502067064768,1.0637762276575378
129,98,214,0.0022289344859910427,0.04824165915238954,1.0637762276575378
89,57,216,0.0022497656494115197,0.049315068493150684,1.06374741092505
57,89,216,0.0022497656494115197,0.04852842057964502,1.0637474109250498
33,106,260,0.0027080512446620146,0.04933586337760911,1.0637179975037616
106,33,260,0.0027080512446620146,0.058387603862564565,1.0637179975037616
15,16,217,0.002260181231121758,0.048720251459362374,1.0635814785387407
16,15,217,0.002260181231121758,0.0493406093678945,1.0635814785387407
53,107,213,0.002218518904280804,0.04938557848365407,1.0633571182362922
107,53,213,0.002218518904280804,0.047768557972639604,1.0633571182362922
127,26,252,0.0026247265909801064,0.05815831987075929,1.0627674706493337
26,127,252,0.0026247265909801064,0.04796345641416064,1.0627674706493335
18,145,219,0.002281012394542235,0.048312375909993384,1.0624075151439452
145,18,219,0.002281012394542235,0.05016032982134677,1.0624075151439452
135,139,213,0.002218518904280804,0.047555257870060284,1.0620563638298413
139,135,213,0.002218518904280804,0.04954640614096301,1.0620563638298413
38,43,230,0.002395583793354859,0.05051614320228421,1.0619783027920533
43,38,230,0.002395583793354859,0.05036128749726297,1.061978302792053
18,60,228,0.002374752629934382,0.05029781601588352,1.0618059181365385
60,18,228,0.002374752629934382,0.05013192612137203,1.0618059181365385
96,141,221,0.002301843557962712,0.04899135446685879,1.0617742533551044
141,96,221,0.002301843557962712,0.04988713318284425,1.0617742533551044
90,104,219,0.002281012394542235,0.049988587080575214,1.0615802357013993
104,90,219,0.002281012394542235,0.04844061048440611,1.0615802357013993
145,36,211,0.002197687740860327,0.048327989005955106,1.0605646227341143
36,145,211,0.002197687740860327,0.048228571428571426,1.0605646227341141
23,36,257,0.0026768044995312988,0.04831735288588081,1.0603312115596382
36,23,257,0.0026768044995312988,0.058742857142857145,1.0603312115596382
80,45,214,0.0022289344859910427,0.04911636447096626,1.0592233047748139
45,80,214,0.0022289344859910427,0.04806828391734052,1.0592233047748136
121,67,210,0.0021872721591500886,0.048894062863795114,1.0591874944839732
67,121,210,0.0021872721591500886,0.047382671480144405,1.059187494483973
28,41,257,0.0026768044995312988,0.04983517548962575,1.0590250550595326
41,28,257,0.0026768044995312988,0.05688357680389553,1.0590250550595326
90,122,209,0.00217685657743985,0.047706003195617436,1.059018119493926
122,90,209,0.00217685657743985,0.048323699421965315,1.059018119493926
19,36,260,0.0027080512446620146,0.04824642790870291,1.0587747528033296
36,19,260,0.0027080512446620146,0.05942857142857143,1.0587747528033296
26,119,258,0.0026872200812415375,0.049105443471640656,1.0585122648657879
119,26,258,0.0026872200812415375,0.057925460260440056,1.0585122648657879
45,74,217,0.002260181231121758,0.04874213836477988,1.0582841936685925
74,45,217,0.002260181231121758,0.049072817729534146,1.0582841936685925
107,143,222,0.002312259139672951,0.04978694774613142,1.058000188823833
143,107,222,0.002312259139672951,0.049136786188579015,1.0580001888238328
117,128,205,0.0021351942505988958,0.04777441155907714,1.0578462301169271
128,117,205,0.0021351942505988958,0.04727859778597786,1.0578462301169271
53,91,210,0.0021872721591500886,0.04869000695571528,1.057630671452087
91,53,210,0.0021872721591500886,0.04751131221719457,1.057630671452087
102,138,217,0.002260181231121758,0.04956601187756967,1.057048600703124
138,102,217,0.002260181231121758,0.0482007996446024,1.057048600703124
64,135,218,0.0022705968128319967,0.049310110834652796,1.0569912349263262
135,64,218,0.0022705968128319967,0.04867157847733869,1.056991234926326
76,104,225,0.002343505884803666,0.04974574397523768,1.0564231097240808
104,76,225,0.002343505884803666,0.0497677504976775,1.0564231097240806
138,90,217,0.002260181231121758,0.0482007996446024,1.0563247600726493
90,138,217,0.002260181231121758,0.049532070303583656,1.056324760072649
39,136,223,0.002322674721383189,0.05027051397655546,1.055658802906625
136,39,223,0.002322674721383189,0.048775153105861765,1.055658802906625
71,111,209,0.00217685657743985,0.047902819161127666,1.0555771557631093
111,71,209,0.00217685657743985,0.04796878586183154,1.0555771557631093
101,118,216,0.0022497656494115197,0.0488577244967202,1.0555423332425982
118,101,216,0.0022497656494115197,0.048604860486048604,1.0555423332425982
82,124,217,0.002260181231121758,0.04936305732484077,1.0555338827968734
124,82,217,0.002260181231121758,0.04832962138084632,1.0555338827968734
20,150,255,0.0026559733361108217,0.048589939024390245,1.0554570239212009
150,20,255,0.0026559733361108217,0.057692307692307696,1.0554570239212009
120,69,224,0.002333090303093428,0.0497335701598579,1.0547647605584178
69,120,224,0.002333090303093428,0.049480892423238346,1.0547647605584176
34,102,253,0.0026351421726903447,0.04808057772709996,1.0544121214204814
102,34,253,0.0026351421726903447,0.05778894472361809,1.0544121214204814
116,54,219,0.002281012394542235,0.0497388144446968,1.0544101512111592
54,116,219,0.002281012394542235,0.04835504526385515,1.054410151211159
16,99,218,0.0022705968128319967,0.049567985447930875,1.0542805234505634
99,16,218,0.0022705968128319967,0.048294195835179445,1.0542805234505634
49,64,213,0.002218518904280804,0.04854147675478578,1.0541658410375443
64,49,213,0.002218518904280804,0.04817914498982131,1.0541658410375443
106,111,213,0.002218518904280804,0.047832921625870196,1.0540369073444567
111,106,213,0.002218518904280804,0.04888684874913932,1.0540369073444567
108,66,209,0.00217685657743985,0.048446917014371815,1.0540196017561383
66,108,209,0.00217685657743985,0.047360072513029684,1.054019601756138
131,147,209,0.00217685657743985,0.04757568859549283,1.0539321324534532
147,131,209,0.00217685657743985,0.048223350253807105,1.0539321324534532
38,52,221,0.002301843557962712,0.048539424555238304,1.0538828927065649
52,38,221,0.002301843557962712,0.04997738579828132,1.0538828927065649
72,115,223,0.002322674721383189,0.04983240223463687,1.0536024969274358
115,72,223,0.002322674721383189,0.049108125963444174,1.0536024969274358
33,122,250,0.0026038954275596294,0.04743833017077799,1.0530760877910739
122,33,250,0.0026038954275596294,0.057803468208092484,1.0530760877910739
26,133,258,0.0026872200812415375,0.049105443471640656,1.0530742970096536
133,26,258,0.0026872200812415375,0.057627875809693994,1.0530742970096536
100,71,214,0.0022289344859910427,0.04785330948121646,1.053036040176849
71,100,214,0.0022289344859910427,0.049048819619527846,1.0530360401768488
129,73,215,0.002239350067701281,0.048467087466185756,1.0530267181779802
73,129,215,0.002239350067701281,0.04865354152523195,1.05302671817798
70,65,219,0.002281012394542235,0.04810015374478366,1.0529174101770815
65,70,219,0.002281012394542235,0.04993160054719562,1.0529174101770813
108,117,203,0.0021143630871784187,0.047056096430227165,1.052867820616665
117,108,203,0.0021143630871784187,0.04730831973898858,1.052867820616665
24,126,256,0.0026663889178210605,0.047619047619047616,1.052706599563611
126,24,256,0.0026663889178210605,0.058945429426663594,1.052706599563611
36,87,215,0.002239350067701281,0.04914285714285714,1.0527009625804806
87,36,215,0.002239350067701281,0.04796965640339134,1.0527009625804806
20,23,306,0.003187168003332986,0.058307926829268296,1.0524805517725229
23,20,306,0.003187168003332986,0.05752961082910321,1.0524805517725229
48,149,211,0.002197687740860327,0.0475011256190905,1.052280357796234
149,48,211,0.002197687740860327,0.048684817720350715,1.052280357796234
52,127,210,0.0021872721591500886,0.04748982360922659,1.052272782072893
127,52,210,0.0021872721591500886,0.048465266558966075,1.052272782072893
15,42,222,0.002312259139672951,0.049842837898518184,1.0522011580115944
42,15,222,0.002312259139672951,0.048812664907651716,1.0522011580115944
57,61,215,0.002239350067701281,0.04830375196585037,1.052096920653651
61,57,215,0.002239350067701281,0.04877495462794918,1.052096920653651
39,97,219,0.002281012394542235,0.049368800721370606,1.0519082461737221
97,39,219,0.002281012394542235,0.04860186418109188,1.0519082461737221
77,133,222,0.002312259139672951,0.04904993371630579,1.0518838811933255
133,77,222,0.002312259139672951,0.049586776859504134,1.0518838811933255
6,20,1166,0.012144568274138111,0.05748089721469066,1.0515893562466558
20,6,1166,0.012144568274138111,0.22217987804878048,1.0515893562466558
127,132,209,0.00217685657743985,0.04823447957535195,1.0515423215325932
132,127,209,0.00217685657743985,0.04745685740236149,1.0515423215325932
21,133,254,0.0026455577544005834,0.0490252846940745,1.0513552788648857
133,21,254,0.0026455577544005834,0.05673442037078401,1.0513552788648857
31,57,259,0.002697635662951776,0.048739179525780954,1.0513252361874252
57,31,259,0.002697635662951776,0.0581891709728151,1.0513252361874252
70,98,217,0.002260181231121758,0.04766088293432901,1.0509695384760975
98,70,217,0.002260181231121758,0.04983922829581994,1.0509695384760975
16,112,215,0.002239350067701281,0.04888585720782174,1.0509474139102026
112,16,215,0.002239350067701281,0.04814151365875504,1.0509474139102026
114,53,211,0.002197687740860327,0.04720357941834452,1.0507803524125336
53,114,211,0.002197687740860327,0.04892186413169487,1.0507803524125334
42,101,220,0.002291427976252474,0.048372911169744945,1.0505051349032373
101,42,220,0.002291427976252474,0.049762497172585386,1.0505051349032373
24,79,261,0.002718466826372253,0.048549107142857144,1.0502928744447306
79,24,261,0.002718466826372253,0.05881027489860297,1.0502928744447306
