Inventory_ID,Location_ID,Item_ID,Stock_Quantity,Reorder_Level,Last_Restocked_Date
1,1,34,83,46,2026-09-18
2,1,111,184,30,2026-09-18
3,1,129,48,20,2026-09-22
4,1,15,127,42,2026-09-06
5,1,32,119,41,2026-09-02
6,1,133,78,41,2026-08-28
7,1,40,5,15,2026-09-07
8,1,78,100,42,2026-09-24
9,1,43,117,25,2026-09-05
10,1,42,55,47,2026-08-31
11,1,83,90,13,2026-09-15
12,1,58,12,28,2026-09-01
13,1,89,126,48,2026-09-21
14,1,145,167,40,2026-09-18
15,1,73,73,44,2026-09-19
16,1,21,2,16,2026-08-31
17,1,65,110,18,2026-08-31
18,1,51,67,33,2026-09-07
19,1,71,195,35,2026-08-29
20,1,33,93,12,2026-09-04
21,1,143,102,13,2026-09-11
22,1,24,145,45,2026-08-31
23,1,44,49,33,2026-09-01
24,1,76,141,28,2026-09-11
25,1,121,18,34,2026-09-23
26,1,75,129,38,2026-08-29
27,1,20,195,45,2026-09-01
28,1,22,71,49,2026-09-05
29,1,85,174,49,2026-08-31
30,1,80,30,18,2026-09-07
31,1,93,24,35,2026-09-04
32,1,116,95,31,2026-09-06
33,1,130,142,33,2026-09-08
34,1,128,193,19,2026-08-27
35,1,108,50,48,2026-09-19
36,1,136,130,35,2026-09-14
37,1,6,128,12,2026-09-06
38,1,106,11,12,2026-08-28
39,1,149,35,31,2026-09-01
40,1,4,121,43,2026-09-04
41,1,11,116,19,2026-09-12
42,1,114,155,42,2026-09-24
43,1,140,35,30,2026-08-29
44,1,99,156,30,2026-09-11
45,1,74,41,35,2026-09-24
46,1,150,157,29,2026-09-20
47,1,84,151,31,2026-08-31
48,1,27,129,42,2026-09-23
49,1,107,136,41,2026-09-12
50,1,113,181,46,2026-09-24
51,1,54,76,40,2026-09-15
52,1,126,4,33,2026-09-15
53,1,82,84,17,2026-09-24
54,1,112,106,47,2026-09-15
55,1,64,78,50,2026-09-04
56,1,81,6,48,2026-09-14
57,1,70,121,26,2026-09-21
58,1,38,167,47,2026-09-04
59,1,119,147,24,2026-09-20
60,1,39,184,13,2026-09-09
61,1,62,149,40,2026-09-05
62,1,146,43,43,2026-09-13
63,1,88,161,49,2026-09-12
64,1,52,198,34,2026-09-06
65,1,91,37,25,2026-09-14
66,1,59,8,46,2026-09-01
67,1,10,179,17,2026-09-12
68,1,8,48,11,2026-09-24
69,1,135,112,30,2026-09-01
70,1,57,107,19,2026-09-13
71,1,100,105,23,2026-09-21
72,1,90,105,42,2026-09-04
73,1,60,198,49,2026-09-17
74,1,103,120,13,2026-09-17
75,1,117,180,18,2026-09-13
76,1,19,132,23,2026-08-27
77,1,41,143,30,2026-09-06
78,1,101,169,40,2026-09-03
79,1,45,134,34,2026-08-30
80,1,87,80,21,2026-09-01
81,1,17,117,44,2026-08-27
82,1,48,87,44,2026-09-22
83,1,66,90,26,2026-09-12
84,1,14,156,40,2026-09-23
85,1,115,49,25,2026-09-17
86,1,31,71,45,2026-09-04
87,1,118,76,24,2026-09-03
88,1,92,76,28,2026-09-14
89,1,18,180,23,2026-09-17
90,1,29,176,41,2026-09-10
91,1,16,81,40,2026-09-24
92,1,104,89,45,2026-09-14
93,1,7,184,27,2026-09-03
94,1,97,73,17,2026-08-26
95,1,125,146,44,2026-09-20
96,1,25,97,35,2026-09-04
97,1,144,88,19,2026-09-02
98,1,77,74,12,2026-09-11
99,1,96,73,15,2026-09-22
100,1,110,88,38,2026-09-14
101,2,66,24,21,2026-09-02
102,2,123,35,40,2026-09-15
103,2,55,82,25,2026-09-16
104,2,52,1,26,2026-09-13
105,2,138,98,25,2026-09-06
106,2,70,114,27,2026-09-04
107,2,144,84,29,2026-09-08
108,2,145,149,46,2026-08-26
109,2,36,2,26,2026-09-21
110,2,28,167,33,2026-08-28
111,2,62,177,25,2026-08-31
112,2,63,15,17,2026-09-14
113,2,13,119,29,2026-08-30
114,2,136,40,35,2026-09-01
115,2,58,175,42,2026-08-28
116,2,60,180,29,2026-09-12
117,2,14,176,17,2026-09-19
118,2,26,163,28,2026-09-22
119,2,106,94,49,2026-09-02
120,2,85,56,24,2026-08-28
121,2,121,34,40,2026-09-16
122,2,133,39,39,2026-09-04
123,2,142,191,48,2026-09-16
124,2,1,95,36,2026-09-02
125,2,124,179,45,2026-08-31
126,2,71,120,44,2026-09-02
127,2,119,170,23,2026-09-03
128,2,21,195,25,2026-09-08
129,2,53,174,48,2026-09-14
130,2,84,20,43,2026-09-03
131,2,120,114,43,2026-09-18
132,2,113,180,33,2026-08-28
133,2,126,19,46,2026-09-24
134,2,61,28,13,2026-09-06
135,2,140,140,42,2026-08-31
136,2,130,51,46,2026-09-08
137,2,129,137,19,2026-09-10
138,2,97,42,30,2026-09-17
139,2,37,133,38,2026-09-17
140,2,42,29,23,2026-09-19
141,2,112,183,47,2026-09-18
142,2,83,125,15,2026-08-26
143,2,8,130,38,2026-09-06
144,2,99,14,39,2026-09-20
145,2,12,33,42,2026-09-17
146,2,115,106,39,2026-09-22
147,2,74,144,13,2026-09-12
148,2,30,143,39,2026-08-30
149,2,69,172,29,2026-09-16
150,2,95,185,11,2026-09-02
151,2,93,101,26,2026-09-08
152,2,5,0,23,2026-09-08
153,2,23,148,14,2026-09-06
154,2,54,11,37,2026-09-13
155,2,98,88,14,2026-08-28
156,2,107,138,13,2026-08-30
157,2,51,17,40,2026-09-09
158,2,64,8,28,2026-08-30
159,2,24,104,21,2026-08-31
160,2,38,196,18,2026-08-26
161,2,101,196,36,2026-09-10
162,2,2,95,34,2026-09-16
163,2,39,114,34,2026-09-09
164,2,73,96,15,2026-09-22
165,2,78,174,44,2026-09-23
166,2,134,34,32,2026-09-24
167,2,43,30,21,2026-09-06
168,2,110,137,35,2026-09-09
169,2,59,135,18,2026-09-14
170,2,143,186,24,2026-09-12
171,2,68,0,11,2026-09-07
172,2,100,76,39,2026-08-27
173,2,18,172,44,2026-09-22
174,2,65,108,44,2026-09-06
175,2,135,97,24,2026-09-11
176,2,35,63,39,2026-08-31
177,2,25,88,19,2026-09-08
178,2,15,70,22,2026-09-02
179,2,105,185,17,2026-09-22
180,2,149,8,36,2026-09-16
181,2,82,157,11,2026-09-10
182,2,33,61,23,2026-09-09
183,2,92,17,16,2026-09-15
184,2,89,152,12,2026-09-15
185,2,44,114,48,2026-09-14
186,2,91,172,13,2026-09-22
187,2,104,62,12,2026-09-17
188,2,132,102,38,2026-09-02
189,2,40,59,44,2026-08-27
190,2,148,55,13,2026-09-19
191,2,41,35,42,2026-09-13
192,2,137,74,24,2026-09-15
193,2,114,187,46,2026-09-15
194,2,122,81,46,2026-09-14
195,2,141,153,30,2026-09-02
196,2,102,60,29,2026-09-08
197,2,125,36,43,2026-09-15
198,2,6,56,36,2026-09-02
199,2,81,76,27,2026-09-13
200,2,72,15,45,2026-09-23
201,3,45,4,26,2026-09-20
202,3,110,141,47,2026-08-26
203,3,143,148,36,2026-09-18
204,3,127,75,19,2026-09-14
205,3,13,50,31,2026-09-22
206,3,89,58,34,2026-09-06
207,3,98,145,25,2026-09-12
208,3,135,127,45,2026-09-22
209,3,82,167,31,2026-09-10
210,3,107,65,41,2026-08-31
211,3,105,185,41,2026-09-07
212,3,39,117,20,2026-09-19
213,3,77,187,32,2026-09-02
214,3,97,43,18,2026-09-04
215,3,48,184,44,2026-09-24
216,3,122,125,21,2026-09-14
217,3,62,138,13,2026-09-06
218,3,58,134,12,2026-09-04
219,3,138,19,13,2026-09-07
220,3,37,195,10,2026-09-21
221,3,119,105,18,2026-09-16
222,3,15,161,24,2026-08-28
223,3,106,17,19,2026-09-14
224,3,124,2,23,2026-09-18
225,3,54,129,39,2026-09-05
226,3,72,95,13,2026-08-30
227,3,68,158,50,2026-09-17
228,3,18,170,49,2026-09-22
229,3,50,123,41,2026-09-06
230,3,32,4,10,2026-09-04
231,3,33,136,45,2026-09-24
232,3,27,105,10,2026-09-19
233,3,43,4,43,2026-08-26
234,3,83,184,27,2026-08-28
235,3,11,137,28,2026-09-15
236,3,133,4,42,2026-09-10
237,3,109,178,37,2026-09-14
238,3,136,45,16,2026-09-16
239,3,12,24,43,2026-08-31
240,3,69,38,25,2026-09-06
241,3,93,49,49,2026-09-16
242,3,141,134,26,2026-08-31
243,3,25,90,27,2026-08-31
244,3,7,101,15,2026-09-23
245,3,35,95,35,2026-09-08
246,3,49,117,46,2026-09-19
247,3,87,62,24,2026-08-31
248,3,78,76,15,2026-08-27
249,3,103,167,12,2026-08-31
250,3,6,23,35,2026-09-17
251,3,10,97,34,2026-09-02
252,3,108,141,40,2026-09-22
253,3,144,14,50,2026-09-07
254,3,76,2,20,2026-09-13
255,3,149,21,41,2026-09-13
256,3,86,111,31,2026-09-21
257,3,125,144,16,2026-08-30
258,3,28,135,12,2026-09-03
259,3,134,58,23,2026-09-06
260,3,130,177,46,2026-09-03
261,3,118,121,27,2026-09-05
262,3,139,11,14,2026-09-12
263,3,2,175,27,2026-09-09
264,3,96,139,46,2026-09-15
265,3,99,168,12,2026-08-29
266,3,16,45,30,2026-08-27
267,3,92,4,23,2026-09-17
268,3,121,150,19,2026-08-26
269,3,102,192,35,2026-09-12
270,3,91,19,29,2026-09-24
271,3,51,41,46,2026-08-28
272,3,31,61,46,2026-09-10
273,3,71,99,44,2026-08-26
274,3,42,84,34,2026-09-13
275,3,131,193,18,2026-09-24
276,3,140,176,15,2026-09-17
277,3,60,128,32,2026-09-22
278,3,111,13,16,2026-09-09
279,3,46,111,24,2026-09-05
280,3,40,19,31,2026-09-07
281,3,34,154,49,2026-09-06
282,3,47,152,35,2026-09-21
283,3,66,198,30,2026-09-24
284,3,64,7,50,2026-09-19
285,3,74,69,38,2026-09-23
286,3,146,125,24,2026-09-14
287,3,61,91,45,2026-09-06
288,3,75,96,37,2026-08-27
289,3,126,47,47,2026-09-05
290,3,21,169,34,2026-09-04
291,3,59,21,49,2026-08-29
292,3,14,75,25,2026-09-08
293,3,24,182,14,2026-09-15
294,3,67,21,27,2026-09-16
295,3,81,39,34,2026-09-21
296,3,3,182,50,2026-08-30
297,3,137,39,34,2026-09-13
298,3,129,81,33,2026-09-21
299,3,113,27,15,2026-09-03
300,3,100,1,29,2026-09-15
301,4,114,6,39,2026-09-19
302,4,93,181,23,2026-09-06
303,4,70,112,28,2026-09-13
304,4,27,177,14,2026-09-14
305,4,34,104,41,2026-09-09
306,4,23,35,50,2026-09-07
307,4,48,77,25,2026-08-31
308,4,111,64,19,2026-09-24
309,4,115,183,37,2026-09-23
310,4,132,96,14,2026-09-19
311,4,105,114,48,2026-08-26
312,4,147,122,47,2026-09-05
313,4,7,102,44,2026-08-27
314,4,145,129,36,2026-09-19
315,4,91,139,12,2026-09-04
316,4,24,92,44,2026-09-08
317,4,84,152,50,2026-09-13
318,4,99,21,16,2026-09-07
319,4,4,196,25,2026-09-13
320,4,75,168,32,2026-08-28
321,4,106,42,49,2026-09-07
322,4,100,11,46,2026-09-22
323,4,22,165,35,2026-09-22
324,4,149,192,31,2026-09-24
325,4,116,110,16,2026-09-20
326,4,72,2,16,2026-09-22
327,4,126,66,24,2026-09-17
328,4,32,130,43,2026-09-03
329,4,74,142,47,2026-08-31
330,4,67,176,46,2026-08-30
331,4,128,56,38,2026-09-10
332,4,88,95,35,2026-09-12
333,4,49,118,47,2026-09-20
334,4,120,176,42,2026-09-10
335,4,18,38,32,2026-08-29
336,4,35,6,40,2026-09-18
337,4,39,26,28,2026-09-04
338,4,142,106,15,2026-09-15
339,4,64,29,19,2026-09-11
340,4,19,89,29,2026-09-21
341,4,9,87,39,2026-08-31
342,4,117,200,23,2026-09-08
343,4,56,133,40,2026-08-29
344,4,36,89,40,2026-09-14
345,4,54,24,38,2026-09-02
346,4,150,184,38,2026-09-01
347,4,62,81,14,2026-09-17
348,4,101,76,12,2026-09-14
349,4,10,181,17,2026-08-28
350,4,47,5,31,2026-09-08
351,4,33,165,16,2026-09-16
352,4,123,173,20,2026-08-30
353,4,127,189,25,2026-09-22
354,4,81,132,21,2026-09-22
355,4,112,141,20,2026-09-17
356,4,77,84,45,2026-09-01
357,4,79,109,39,2026-09-02
358,4,26,59,35,2026-09-09
359,4,59,161,21,2026-09-21
360,4,14,47,50,2026-08-29
361,4,124,168,37,2026-08-30
362,4,140,101,11,2026-09-11
363,4,1,188,49,2026-09-16
364,4,51,50,38,2026-08-28
365,4,43,151,37,2026-09-15
366,4,80,99,10,2026-09-21
367,4,118,180,23,2026-09-22
368,4,86,52,27,2026-09-17
369,4,57,192,14,2026-09-13
370,4,83,147,16,2026-09-14
371,4,108,137,21,2026-09-06
372,4,95,93,30,2026-09-16
373,4,90,50,39,2026-09-17
374,4,89,29,26,2026-09-06
375,4,42,171,41,2026-09-14
376,4,98,135,50,2026-09-11
377,4,104,80,48,2026-09-20
378,4,41,99,49,2026-09-19
379,4,137,100,47,2026-09-01
380,4,87,29,32,2026-08-29
381,4,73,90,39,2026-08-28
382,4,38,158,21,2026-08-28
383,4,63,172,29,2026-09-17
384,4,133,157,47,2026-09-23
385,4,76,21,18,2026-09-17
386,4,134,80,17,2026-08-29
387,4,107,61,29,2026-09-06
388,4,53,29,21,2026-09-20
389,4,71,95,19,2026-09-23
390,4,131,130,34,2026-09-12
391,4,135,107,48,2026-08-26
392,4,8,35,46,2026-08-27
393,4,37,98,37,2026-09-11
394,4,13,47,41,2026-09-20
395,4,69,162,44,2026-09-24
396,4,113,177,21,2026-09-04
397,4,12,142,20,2026-09-05
398,4,44,125,28,2026-09-15
399,4,50,35,21,2026-09-18
400,4,96,80,38,2026-09-10
401,5,14,37,30,2026-09-13
402,5,92,63,35,2026-09-01
403,5,3,125,19,2026-09-06
404,5,125,147,50,2026-09-11
405,5,35,68,50,2026-09-08
406,5,50,106,34,2026-08-30
407,5,99,115,14,2026-09-23
408,5,130,162,15,2026-09-20
409,5,127,103,42,2026-09-09
410,5,105,191,27,2026-09-08
411,5,126,177,33,2026-09-13
412,5,107,116,41,2026-08-30
413,5,114,83,47,2026-09-14
414,5,140,0,15,2026-09-19
415,5,43,187,39,2026-09-16
416,5,22,162,32,2026-09-12
417,5,8,16,44,2026-09-04
418,5,57,101,23,2026-09-24
419,5,75,109,23,2026-08-29
420,5,9,126,27,2026-09-24
421,5,71,82,28,2026-09-16
422,5,58,86,45,2026-09-09
423,5,74,147,18,2026-09-19
424,5,135,144,41,2026-09-09
425,5,100,87,13,2026-09-16
426,5,59,11,16,2026-09-06
427,5,73,160,39,2026-09-24
428,5,96,4,17,2026-09-04
429,5,144,40,38,2026-09-19
430,5,122,116,10,2026-09-01
431,5,64,109,22,2026-09-16
432,5,143,176,18,2026-09-19
433,5,66,166,29,2026-09-16
434,5,15,40,27,2026-08-27
435,5,128,23,33,2026-09-20
436,5,117,64,15,2026-08-31
437,5,146,95,20,2026-09-09
438,5,137,13,35,2026-09-06
439,5,70,160,29,2026-09-24
440,5,106,185,24,2026-09-14
441,5,47,109,15,2026-09-20
442,5,112,180,16,2026-09-24
443,5,111,0,23,2026-09-11
444,5,97,122,14,2026-09-05
445,5,6,33,47,2026-09-15
446,5,98,57,43,2026-09-24
447,5,93,174,38,2026-09-17
448,5,133,2,10,2026-09-06
449,5,109,178,31,2026-09-10
450,5,28,30,37,2026-09-03
451,5,55,177,18,2026-09-15
452,5,150,122,14,2026-08-31
453,5,95,58,34,2026-09-20
454,5,84,22,16,2026-09-06
455,5,32,26,30,2026-08-29
456,5,39,94,29,2026-09-17
457,5,5,35,34,2026-09-12
458,5,129,198,18,2026-09-19
459,5,34,164,19,2026-09-20
460,5,45,17,43,2026-09-16
461,5,12,144,10,2026-09-08
462,5,103,156,20,2026-08-30
463,5,16,112,32,2026-08-30
464,5,31,184,23,2026-09-15
465,5,27,160,19,2026-09-03
466,5,76,105,49,2026-08-30
467,5,91,175,38,2026-09-01
468,5,79,55,15,2026-09-17
469,5,81,25,18,2026-09-17
470,5,113,192,17,2026-08-26
471,5,142,150,34,2026-09-16
472,5,83,89,37,2026-09-12
473,5,18,80,18,2026-09-15
474,5,86,63,27,2026-09-24
475,5,77,165,15,2026-08-30
476,5,134,63,45,2026-09-23
477,5,124,153,48,2026-09-07
478,5,139,184,48,2026-09-20
479,5,69,72,11,2026-09-22
480,5,36,168,29,2026-08-28
481,5,72,52,43,2026-09-24
482,5,80,155,42,2026-08-31
483,5,42,48,35,2026-08-27
484,5,38,75,13,2026-09-24
485,5,67,200,25,2026-09-14
486,5,138,126,34,2026-09-12
487,5,13,28,25,2026-09-24
488,5,131,127,50,2026-09-13
489,5,62,152,14,2026-09-07
490,5,49,135,10,2026-08-27
491,5,51,92,30,2026-09-02
492,5,85,33,34,2026-09-09
493,5,4,145,36,2026-09-15
494,5,78,93,44,2026-09-23
495,5,56,174,21,2026-09-14
496,5,68,195,40,2026-09-06
497,5,63,197,14,2026-09-15
498,5,116,4,47,2026-09-18
499,5,54,17,10,2026-09-14
500,5,88,67,23,2026-09-18
501,6,11,189,36,2026-09-20
502,6,16,57,30,2026-09-14
503,6,102,63,36,2026-09-03
504,6,130,184,30,2026-09-14
505,6,74,69,14,2026-09-06
506,6,129,146,33,2026-08-29
507,6,107,30,42,2026-08-28
508,6,109,172,13,2026-09-09
509,6,103,45,24,2026-09-15
510,6,22,132,12,2026-09-10
511,6,138,102,14,2026-08-26
512,6,140,119,28,2026-09-12
513,6,40,198,29,2026-09-12
514,6,72,83,15,2026-09-03
515,6,141,141,39,2026-09-17
516,6,80,2,33,2026-09-18
517,6,21,51,28,2026-08-31
518,6,131,144,29,2026-09-09
519,6,53,189,49,2026-09-14
520,6,139,62,39,2026-09-08
521,6,84,94,47,2026-09-12
522,6,101,126,22,2026-08-28
523,6,17,187,44,2026-08-27
524,6,133,194,25,2026-09-22
525,6,90,38,10,2026-09-18
526,6,56,104,11,2026-08-31
527,6,94,59,44,2026-09-19
528,6,123,88,50,2026-08-26
529,6,143,177,10,2026-09-11
530,6,31,85,10,2026-09-11
531,6,8,194,34,2026-09-19
532,6,32,188,29,2026-09-09
533,6,12,26,23,2026-09-10
534,6,125,135,25,2026-09-12
535,6,15,107,41,2026-09-16
536,6,59,15,19,2026-09-18
537,6,79,182,27,2026-08-29
538,6,78,23,12,2026-09-17
539,6,120,59,43,2026-09-23
540,6,127,105,33,2026-09-21
541,6,86,117,15,2026-08-31
542,6,95,148,16,2026-09-12
543,6,85,129,18,2026-08-31
544,6,122,163,35,2026-09-11
545,6,23,19,47,2026-09-19
546,6,149,145,13,2026-08-29
547,6,2,111,18,2026-08-29
548,6,91,60,28,2026-09-01
549,6,18,66,30,2026-08-30
550,6,126,100,30,2026-09-11
551,6,104,81,38,2026-09-20
552,6,134,69,24,2026-08-27
553,6,64,19,22,2026-09-24
554,6,45,34,47,2026-09-10
555,6,67,27,19,2026-09-05
556,6,96,27,20,2026-09-11
557,6,93,115,39,2026-09-07
558,6,34,80,36,2026-09-23
559,6,136,30,44,2026-08-26
560,6,48,91,23,2026-09-04
561,6,128,115,29,2026-09-23
562,6,35,118,26,2026-09-10
563,6,105,30,15,2026-09-18
564,6,4,40,29,2026-09-14
565,6,43,180,48,2026-09-08
566,6,55,10,23,2026-09-12
567,6,89,83,19,2026-09-15
568,6,68,23,25,2026-09-10
569,6,9,91,35,2026-09-24
570,6,124,131,13,2026-09-05
571,6,146,173,29,2026-09-11
572,6,10,66,21,2026-09-01
573,6,98,7,35,2026-08-28
574,6,115,115,45,2026-09-19
575,6,66,191,45,2026-09-02
576,6,47,63,16,2026-08-31
577,6,112,118,16,2026-09-03
578,6,113,35,17,2026-09-19
579,6,92,3,13,2026-09-23
580,6,142,199,24,2026-09-13
581,6,99,33,22,2026-09-01
582,6,33,102,33,2026-09-05
583,6,14,175,50,2026-08-29
584,6,116,165,15,2026-09-13
585,6,30,149,47,2026-08-28
586,6,1,66,14,2026-09-02
587,6,6,5,14,2026-09-06
588,6,108,50,38,2026-09-22
589,6,117,32,15,2026-09-07
590,6,65,84,17,2026-08-28
591,6,88,10,39,2026-09-02
592,6,3,12,20,2026-09-07
593,6,121,146,37,2026-09-15
594,6,24,185,35,2026-09-11
595,6,25,127,11,2026-08-28
596,6,114,97,37,2026-09-16
597,6,118,44,32,2026-09-24
598,6,77,54,21,2026-09-15
599,6,36,70,27,2026-08-31
600,6,46,114,19,2026-09-06
601,7,9,180,19,2026-09-14
602,7,63,198,17,2026-09-19
603,7,76,134,33,2026-09-13
604,7,128,18,33,2026-09-07
605,7,106,180,35,2026-08-30
606,7,141,150,16,2026-09-24
607,7,123,86,29,2026-09-08
608,7,16,82,18,2026-08-26
609,7,23,40,37,2026-09-13
610,7,72,163,41,2026-08-28
611,7,99,166,30,2026-08-29
612,7,36,44,45,2026-08-29
613,7,108,177,49,2026-09-11
614,7,52,91,24,2026-08-27
615,7,135,170,47,2026-09-14
616,7,64,44,34,2026-09-05
617,7,5,78,28,2026-09-05
618,7,98,32,21,2026-09-03
619,7,92,186,10,2026-09-21
620,7,144,179,46,2026-09-01
621,7,125,100,46,2026-08-26
622,7,89,8,21,2026-09-06
623,7,83,154,30,2026-09-24
624,7,50,156,24,2026-09-06
625,7,35,163,46,2026-08-29
626,7,24,26,41,2026-09-22
627,7,4,36,31,2026-08-31
628,7,41,190,14,2026-09-16
629,7,77,60,32,2026-09-04
630,7,29,81,20,2026-09-19
631,7,124,162,15,2026-09-09
632,7,115,181,50,2026-09-10
633,7,104,186,31,2026-09-16
634,7,100,114,10,2026-09-20
635,7,139,67,23,2026-09-11
636,7,8,63,14,2026-09-13
637,7,118,89,26,2026-09-21
638,7,61,27,10,2026-08-31
639,7,68,12,34,2026-09-23
640,7,46,112,36,2026-09-06
641,7,140,42,36,2026-09-05
642,7,75,126,34,2026-09-17
643,7,30,89,44,2026-09-24
644,7,21,96,16,2026-09-10
645,7,13,122,46,2026-09-12
646,7,32,166,24,2026-09-20
647,7,85,41,38,2026-09-09
648,7,31,18,12,2026-08-29
649,7,126,75,11,2026-08-26
650,7,69,81,26,2026-09-10
651,7,95,26,14,2026-08-30
652,7,119,87,20,2026-08-29
653,7,133,96,20,2026-09-06
654,7,121,187,14,2026-09-17
655,7,74,140,15,2026-08-27
656,7,127,86,48,2026-09-16
657,7,111,157,40,2026-09-24
658,7,142,180,11,2026-09-16
659,7,93,110,20,2026-09-02
660,7,103,155,37,2026-09-13
661,7,148,40,13,2026-09-16
662,7,131,25,31,2026-08-31
663,7,94,52,22,2026-09-24
664,7,90,104,45,2026-09-18
665,7,120,184,44,2026-09-10
666,7,88,67,28,2026-09-03
667,7,73,76,25,2026-09-07
668,7,84,24,13,2026-09-23
669,7,19,100,46,2026-09-21
670,7,147,140,41,2026-09-19
671,7,25,39,13,2026-09-04
672,7,136,92,10,2026-09-20
673,7,70,109,15,2026-09-23
674,7,40,75,50,2026-09-07
675,7,132,153,40,2026-09-04
676,7,149,51,16,2026-08-28
677,7,134,6,23,2026-08-28
678,7,12,43,50,2026-09-16
679,7,110,74,15,2026-09-23
680,7,138,121,17,2026-08-30
681,7,97,78,35,2026-08-27
682,7,3,120,41,2026-09-17
683,7,112,169,26,2026-09-11
684,7,62,23,44,2026-09-09
685,7,1,99,21,2026-09-21
686,7,43,94,34,2026-09-23
687,7,26,94,21,2026-09-07
688,7,137,114,12,2026-09-10
689,7,150,67,38,2026-09-16
690,7,22,119,26,2026-09-09
691,7,114,57,27,2026-09-10
692,7,81,144,13,2026-09-24
693,7,109,38,16,2026-09-21
694,7,55,21,32,2026-09-15
695,7,56,138,36,2026-09-07
696,7,107,193,47,2026-09-13
697,7,86,58,45,2026-09-22
698,7,2,15,34,2026-09-17
699,7,10,133,36,2026-09-16
700,7,38,137,40,2026-09-16
701,8,147,76,38,2026-09-17
702,8,61,198,30,2026-09-02
703,8,122,68,36,2026-09-17
704,8,77,154,15,2026-09-23
705,8,21,48,38,2026-09-19
706,8,102,54,36,2026-09-21
707,8,9,189,41,2026-09-10
708,8,129,194,43,2026-09-13
709,8,133,95,13,2026-09-13
710,8,38,131,20,2026-09-23
711,8,31,16,29,2026-09-15
712,8,115,181,42,2026-09-21
713,8,45,103,18,2026-09-10
714,8,43,199,43,2026-09-01
715,8,55,145,11,2026-08-28
716,8,50,44,22,2026-09-20
717,8,33,51,13,2026-09-10
718,8,11,63,12,2026-09-23
719,8,109,116,13,2026-09-07
720,8,146,92,22,2026-09-06
721,8,112,70,33,2026-09-06
722,8,52,118,42,2026-08-29
723,8,141,101,50,2026-09-22
724,8,107,31,11,2026-09-02
725,8,150,61,33,2026-09-11
726,8,34,125,48,2026-09-17
727,8,41,114,21,2026-08-29
728,8,117,121,47,2026-09-03
729,8,94,141,32,2026-09-03
730,8,118,88,20,2026-09-01
731,8,104,66,15,2026-09-17
732,8,144,72,11,2026-09-12
733,8,12,98,13,2026-09-01
734,8,135,41,46,2026-09-04
735,8,72,199,23,2026-09-22
736,8,51,56,24,2026-09-14
737,8,71,173,23,2026-09-19
738,8,42,68,36,2026-08-27
739,8,110,131,11,2026-09-08
740,8,36,199,10,2026-09-13
741,8,67,121,18,2026-09-09
742,8,59,165,21,2026-09-05
743,8,2,153,10,2026-09-13
744,8,101,57,26,2026-09-04
745,8,90,155,29,2026-09-05
746,8,80,182,27,2026-08-26
747,8,76,108,34,2026-09-21
748,8,130,89,39,2026-08-31
749,8,127,64,23,2026-09-05
750,8,54,119,29,2026-08-29
751,8,15,173,43,2026-09-09
752,8,145,159,35,2026-08-28
753,8,20,149,16,2026-09-10
754,8,19,1,42,2026-08-30
755,8,73,169,33,2026-08-29
756,8,120,143,48,2026-09-09
757,8,75,155,28,2026-08-30
758,8,13,76,16,2026-09-14
759,8,14,123,14,2026-09-01
760,8,96,86,27,2026-09-06
761,8,93,163,30,2026-09-03
762,8,37,70,26,2026-09-07
763,8,69,167,29,2026-08-31
764,8,138,48,19,2026-09-19
765,8,53,132,25,2026-08-29
766,8,125,14,48,2026-09-08
767,8,123,103,30,2026-09-20
768,8,63,174,18,2026-08-30
769,8,74,184,11,2026-09-05
770,8,78,167,41,2026-09-08
771,8,149,75,26,2026-09-05
772,8,5,107,35,2026-09-21
773,8,23,99,12,2026-08-31
774,8,111,149,46,2026-08-31
775,8,143,48,31,2026-08-27
776,8,97,185,24,2026-09-06
777,8,95,175,44,2026-09-17
778,8,79,163,40,2026-09-22
779,8,139,171,32,2026-08-30
780,8,137,129,29,2026-08-31
781,8,140,43,45,2026-09-09
782,8,7,46,28,2026-09-14
783,8,105,24,40,2026-09-02
784,8,35,32,26,2026-09-07
785,8,48,185,45,2026-09-11
786,8,3,195,21,2026-09-18
787,8,44,174,31,2026-09-16
788,8,86,167,15,2026-09-04
789,8,116,56,32,2026-09-17
790,8,98,57,29,2026-09-21
791,8,68,107,31,2026-09-10
792,8,18,95,26,2026-09-22
793,8,99,149,28,2026-09-20
794,8,32,118,17,2026-09-06
795,8,136,120,13,2026-08-29
796,8,87,162,47,2026-08-29
797,8,64,148,49,2026-08-26
798,8,88,18,40,2026-08-30
799,8,100,49,42,2026-09-10
800,8,119,30,34,2026-09-18
801,9,136,166,12,2026-09-02
802,9,77,96,50,2026-09-15
803,9,106,65,44,2026-09-05
804,9,14,159,13,2026-09-24
805,9,39,152,13,2026-09-17
806,9,36,169,16,2026-09-08
807,9,52,167,11,2026-09-03
808,9,88,12,17,2026-09-09
809,9,105,106,38,2026-09-17
810,9,118,97,17,2026-09-02
811,9,37,140,26,2026-08-30
812,9,81,121,19,2026-09-10
813,9,47,52,50,2026-09-02
814,9,21,2,29,2026-09-18
815,9,125,107,16,2026-09-20
816,9,86,169,43,2026-09-24
817,9,46,69,49,2026-09-02
818,9,139,155,18,2026-09-19
819,9,15,107,16,2026-08-31
820,9,2,130,49,2026-09-16
821,9,116,30,28,2026-09-19
822,9,71,29,16,2026-09-16
823,9,54,127,22,2026-09-10
824,9,98,155,22,2026-08-31
825,9,100,199,26,2026-09-24
826,9,22,133,22,2026-09-12
827,9,74,91,36,2026-09-14
828,9,127,75,20,2026-09-01
829,9,137,10,45,2026-08-29
830,9,63,127,23,2026-08-27
831,9,101,176,40,2026-09-24
832,9,123,84,25,2026-09-22
833,9,126,0,10,2026-09-07
834,9,12,171,15,2026-09-13
835,9,17,28,46,2026-08-28
836,9,79,171,41,2026-08-27
837,9,56,38,15,2026-09-07
838,9,82,199,42,2026-09-04
839,9,55,19,16,2026-09-13
840,9,144,65,24,2026-09-01
841,9,112,116,28,2026-09-05
842,9,62,67,39,2026-09-09
843,9,50,12,16,2026-09-10
844,9,1,44,12,2026-09-14
845,9,5,74,33,2026-09-04
846,9,69,173,30,2026-09-03
847,9,26,109,17,2026-09-03
848,9,94,24,12,2026-09-05
849,9,48,2,18,2026-09-07
850,9,131,169,20,2026-09-04
851,9,42,84,32,2026-08-27
852,9,97,112,49,2026-08-27
853,9,68,68,15,2026-08-27
854,9,25,95,31,2026-09-17
855,9,3,46,17,2026-09-01
856,9,87,102,35,2026-09-09
857,9,107,116,27,2026-09-22
858,9,133,98,40,2026-08-29
859,9,32,107,20,2026-08-31
860,9,29,28,18,2026-09-23
861,9,89,178,13,2026-09-05
862,9,45,40,16,2026-09-04
863,9,40,106,47,2026-08-28
864,9,130,123,46,2026-08-26
865,9,147,173,38,2026-09-11
866,9,108,46,49,2026-09-20
867,9,65,97,32,2026-09-04
868,9,76,156,11,2026-09-17
869,9,143,175,18,2026-09-05
870,9,150,123,41,2026-09-18
871,9,9,28,36,2026-09-10
872,9,6,112,12,2026-09-06
873,9,146,16,26,2026-09-14
874,9,38,167,30,2026-09-01
875,9,59,3,43,2026-09-06
876,9,67,196,46,2026-09-21
877,9,119,185,46,2026-08-29
878,9,44,57,31,2026-09-17
879,9,114,132,43,2026-08-29
880,9,18,176,49,2026-09-12
881,9,73,24,37,2026-09-22
882,9,121,169,25,2026-09-14
883,9,134,123,32,2026-08-31
884,9,99,169,34,2026-09-16
885,9,93,38,45,2026-09-22
886,9,111,156,13,2026-08-28
887,9,96,2,20,2026-09-11
888,9,132,129,40,2026-09-05
889,9,142,126,20,2026-09-16
890,9,138,19,41,2026-09-24
891,9,80,82,25,2026-09-01
892,9,135,84,27,2026-09-16
893,9,61,12,42,2026-08-27
894,9,120,57,45,2026-08-31
895,9,149,164,34,2026-09-11
896,9,33,103,25,2026-09-02
897,9,11,20,39,2026-09-21
898,9,8,113,46,2026-09-20
899,9,24,114,15,2026-09-22
900,9,124,127,38,2026-09-24
901,10,81,35,36,2026-09-21
902,10,31,154,42,2026-09-08
903,10,128,76,45,2026-09-16
904,10,5,80,45,2026-09-22
905,10,27,161,23,2026-08-28
906,10,104,51,23,2026-09-07
907,10,106,159,28,2026-09-22
908,10,10,175,32,2026-09-10
909,10,141,172,18,2026-08-26
910,10,1,181,21,2026-09-12
911,10,24,128,44,2026-09-15
912,10,78,177,50,2026-08-29
913,10,131,82,17,2026-08-27
914,10,53,194,32,2026-09-11
915,10,117,143,40,2026-09-18
916,10,88,149,46,2026-09-15
917,10,94,170,36,2026-09-17
918,10,14,172,44,2026-09-06
919,10,58,73,37,2026-09-15
920,10,136,3,43,2026-09-21
921,10,85,27,11,2026-09-24
922,10,122,97,19,2026-08-30
923,10,134,13,13,2026-09-17
924,10,92,51,27,2026-09-06
925,10,132,192,20,2026-09-18
926,10,15,73,26,2026-09-07
927,10,13,37,13,2026-09-03
928,10,98,176,28,2026-08-31
929,10,130,52,44,2026-08-30
930,10,29,8,32,2026-09-01
931,10,142,115,16,2026-09-15
932,10,44,157,45,2026-09-21
933,10,46,57,45,2026-09-18
934,10,107,99,25,2026-09-08
935,10,82,130,28,2026-09-16
936,10,103,177,13,2026-09-10
937,10,38,97,34,2026-09-04
938,10,71,106,30,2026-09-01
939,10,67,141,13,2026-09-16
940,10,48,3,26,2026-09-11
941,10,90,51,49,2026-08-31
942,10,133,199,38,2026-08-27
943,10,6,57,50,2026-09-02
944,10,22,180,33,2026-08-27
945,10,64,193,47,2026-08-30
946,10,18,139,48,2026-09-21
947,10,127,50,22,2026-09-22
948,10,96,75,38,2026-09-03
949,10,93,45,14,2026-09-18
950,10,137,47,21,2026-09-14
951,10,109,188,42,2026-09-02
952,10,33,30,34,2026-09-19
953,10,79,10,37,2026-09-11
954,10,26,71,45,2026-08-26
955,10,25,67,18,2026-09-05
956,10,16,41,47,2026-09-13
957,10,51,65,10,2026-09-06
958,10,28,84,39,2026-08-28
959,10,59,181,19,2026-09-16
960,10,115,10,19,2026-09-11
961,10,119,82,48,2026-09-16
962,10,100,13,50,2026-09-07
963,10,54,157,29,2026-09-13
964,10,108,125,46,2026-09-04
965,10,116,140,32,2026-08-27
966,10,76,18,30,2026-09-19
967,10,95,134,24,2026-09-19
968,10,126,47,43,2026-09-01
969,10,145,17,42,2026-09-23
970,10,129,40,36,2026-08-31
971,10,65,139,44,2026-09-24
972,10,105,103,15,2026-09-11
973,10,144,89,24,2026-09-24
974,10,120,54,31,2026-09-18
975,10,68,84,33,2026-09-18
976,10,7,75,23,2026-08-29
977,10,113,192,49,2026-09-17
978,10,56,135,40,2026-09-06
979,10,62,143,10,2026-09-14
980,10,66,29,32,2026-09-21
981,10,23,114,25,2026-09-14
982,10,70,164,49,2026-09-11
983,10,17,159,25,2026-09-19
984,10,89,10,30,2026-09-01
985,10,50,97,17,2026-09-03
986,10,42,98,26,2026-09-12
987,10,74,138,28,2026-09-19
988,10,146,6,43,2026-09-17
989,10,39,197,33,2026-08-30
990,10,86,131,42,2026-09-01
991,10,45,114,41,2026-09-16
992,10,49,11,28,2026-09-06
993,10,84,166,22,2026-09-22
994,10,123,82,42,2026-08-28
995,10,97,21,16,2026-08-31
996,10,138,42,44,2026-08-31
997,10,19,136,10,2026-09-20
998,10,121,160,14,2026-08-31
999,10,52,53,50,2026-09-09
1000,10,9,198,23,2026-09-16
1001,11,109,192,45,2026-09-14
1002,11,27,118,45,2026-08-26
1003,11,53,18,28,2026-08-30
1004,11,138,171,14,2026-08-31
1005,11,112,64,16,2026-09-06
1006,11,19,50,47,2026-09-13
1007,11,40,124,31,2026-08-28
1008,11,7,91,18,2026-08-28
1009,11,118,171,25,2026-09-02
1010,11,85,25,28,2026-09-22
1011,11,10,158,14,2026-09-24
1012,11,23,49,30,2026-08-29
1013,11,145,124,38,2026-09-10
1014,11,14,84,49,2026-09-16
1015,11,46,168,29,2026-09-19
1016,11,65,177,47,2026-09-13
1017,11,147,39,46,2026-09-06
1018,11,59,145,33,2026-08-26
1019,11,67,80,37,2026-09-19
1020,11,105,43,10,2026-09-17
1021,11,100,80,25,2026-09-14
1022,11,116,56,37,2026-08-27
1023,11,104,70,33,2026-09-02
1024,11,56,34,31,2026-08-28
1025,11,41,122,39,2026-08-30
1026,11,3,114,32,2026-09-13
1027,11,50,198,29,2026-08-26
1028,11,87,124,45,2026-09-23
1029,11,16,27,21,2026-09-23
1030,11,69,165,48,2026-08-29
1031,11,1,20,27,2026-09-17
1032,11,83,35,44,2026-09-05
1033,11,93,50,26,2026-09-16
1034,11,80,187,50,2026-09-01
1035,11,9,19,14,2026-09-09
1036,11,97,4,42,2026-09-11
1037,11,96,161,11,2026-09-08
1038,11,75,148,47,2026-08-30
1039,11,6,103,47,2026-09-04
1040,11,90,54,12,2026-08-30
1041,11,150,141,26,2026-08-27
1042,11,140,139,44,2026-09-15
1043,11,136,120,19,2026-09-13
1044,11,135,93,35,2026-08-29
1045,11,137,57,47,2026-09-19
1046,11,38,187,28,2026-08-29
1047,11,101,34,39,2026-09-03
1048,11,88,128,42,2026-09-10
1049,11,39,23,35,2026-09-20
1050,11,78,93,42,2026-08-30
1051,11,12,2,25,2026-09-22
1052,11,37,157,20,2026-08-26
1053,11,98,193,42,2026-09-07
1054,11,57,35,38,2026-08-30
1055,11,49,40,21,2026-09-14
1056,11,51,144,46,2026-09-01
1057,11,141,168,19,2026-09-21
1058,11,4,188,40,2026-09-06
1059,11,61,91,12,2026-09-21
1060,11,21,56,41,2026-09-19
1061,11,121,59,14,2026-08-29
1062,11,29,67,33,2026-08-31
1063,11,18,59,12,2026-08-29
1064,11,95,171,23,2026-08-29
1065,11,70,132,33,2026-09-23
1066,11,131,99,40,2026-09-05
1067,11,82,116,12,2026-09-13
1068,11,134,10,30,2026-08-29
1069,11,102,26,43,2026-09-22
1070,11,48,162,27,2026-09-22
1071,11,2,189,26,2026-09-21
1072,11,71,148,44,2026-09-13
1073,11,72,145,21,2026-08-31
1074,11,119,96,34,2026-09-10
1075,11,122,93,47,2026-09-12
1076,11,146,167,14,2026-09-15
1077,11,120,132,26,2026-08-30
1078,11,123,96,24,2026-09-15
1079,11,111,132,35,2026-09-04
1080,11,79,90,32,2026-09-19
1081,11,11,124,40,2026-09-05
1082,11,144,154,10,2026-08-29
1083,11,149,128,18,2026-09-22
1084,11,45,112,20,2026-09-14
1085,11,28,58,14,2026-09-22
1086,11,148,131,27,2026-09-19
1087,11,77,54,19,2026-09-16
1088,11,86,47,20,2026-08-28
1089,11,130,92,48,2026-08-26
1090,11,15,183,17,2026-09-22
1091,11,128,169,24,2026-08-30
1092,11,54,106,31,2026-09-14
1093,11,17,184,17,2026-09-04
1094,11,13,123,40,2026-09-06
1095,11,8,122,23,2026-09-16
1096,11,62,151,20,2026-09-18
1097,11,43,165,36,2026-09-09
1098,11,52,5,25,2026-08-28
1099,11,99,11,18,2026-09-12
1100,11,142,146,47,2026-09-23
1101,12,42,52,30,2026-09-03
1102,12,35,104,33,2026-08-28
1103,12,132,27,19,2026-09-24
1104,12,11,109,47,2026-08-31
1105,12,38,64,26,2026-09-06
1106,12,15,137,37,2026-09-04
1107,12,43,144,33,2026-09-07
1108,12,67,156,27,2026-09-15
1109,12,47,174,35,2026-09-07
1110,12,133,193,23,2026-09-18
1111,12,104,105,45,2026-09-05
1112,12,5,200,45,2026-09-19
1113,12,73,123,21,2026-09-14
1114,12,22,94,45,2026-09-02
1115,12,56,142,40,2026-09-07
1116,12,115,64,29,2026-09-09
1117,12,121,147,32,2026-09-11
1118,12,124,198,35,2026-09-10
1119,12,44,188,18,2026-09-19
1120,12,57,168,17,2026-09-06
1121,12,106,191,24,2026-09-12
1122,12,37,114,20,2026-09-07
1123,12,142,25,23,2026-09-12
1124,12,80,130,35,2026-09-15
1125,12,85,86,45,2026-09-17
1126,12,66,157,13,2026-09-16
1127,12,34,41,34,2026-09-02
1128,12,137,162,10,2026-08-26
1129,12,93,23,19,2026-09-24
1130,12,88,120,48,2026-08-26
1131,12,148,111,15,2026-09-11
1132,12,119,16,26,2026-09-23
1133,12,59,56,33,2026-09-22
1134,12,77,20,48,2026-08-27
1135,12,76,9,34,2026-09-05
1136,12,9,102,49,2026-09-20
1137,12,30,167,43,2026-09-21
1138,12,49,73,48,2026-09-19
1139,12,50,14,21,2026-09-03
1140,12,17,163,41,2026-08-30
1141,12,14,112,10,2026-09-20
1142,12,3,51,43,2026-09-24
1143,12,26,73,22,2026-09-22
1144,12,143,8,48,2026-09-02
1145,12,65,130,43,2026-09-19
1146,12,134,178,24,2026-08-27
1147,12,54,157,20,2026-08-30
1148,12,20,172,12,2026-09-23
1149,12,78,92,25,2026-09-16
1150,12,13,167,10,2026-09-06
1151,12,23,40,15,2026-08-26
1152,12,61,70,35,2026-09-23
1153,12,79,90,35,2026-09-06
1154,12,117,103,47,2026-09-16
1155,12,139,51,43,2026-09-14
1156,12,69,3,14,2026-08-28
1157,12,130,23,45,2026-09-20
1158,12,16,72,45,2026-09-21
1159,12,12,149,32,2026-08-26
1160,12,62,88,27,2026-09-05
1161,12,126,57,48,2026-08-28
1162,12,111,49,39,2026-08-28
1163,12,102,103,46,2026-09-12
1164,12,70,1,26,2026-09-19
1165,12,1,44,36,2026-08-30
1166,12,84,129,16,2026-08-31
1167,12,136,143,14,2026-09-17
1168,12,107,128,28,2026-09-17
1169,12,140,87,17,2026-09-15
1170,12,48,131,26,2026-09-03
1171,12,6,137,46,2026-09-07
1172,12,68,64,38,2026-09-05
1173,12,55,96,46,2026-09-18
1174,12,114,123,25,2026-09-15
1175,12,91,193,31,2026-09-03
1176,12,113,198,39,2026-08-30
1177,12,45,174,39,2026-09-21
1178,12,101,150,11,2026-08-26
1179,12,105,123,17,2026-09-17
1180,12,18,66,14,2026-09-10
1181,12,33,97,50,2026-08-26
1182,12,116,56,24,2026-09-19
1183,12,97,80,36,2026-09-15
1184,12,147,90,43,2026-09-21
1185,12,129,137,10,2026-09-11
1186,12,53,179,26,2026-09-19
1187,12,87,63,28,2026-09-22
1188,12,138,23,35,2026-09-10
1189,12,86,172,31,2026-09-16
1190,12,46,19,45,2026-09-07
1191,12,81,45,40,2026-08-30
1192,12,51,80,32,2026-09-24
1193,12,95,55,46,2026-09-10
1194,12,125,68,21,2026-09-24
1195,12,141,191,22,2026-08-29
1196,12,8,127,22,2026-09-01
1197,12,90,60,25,2026-09-13
1198,12,58,67,23,2026-09-01
1199,12,25,58,22,2026-08-31
1200,12,150,63,49,2026-09-17
1201,13,92,64,45,2026-09-11
1202,13,40,145,13,2026-09-20
1203,13,28,101,16,2026-09-19
1204,13,31,176,20,2026-09-09
1205,13,21,15,23,2026-09-04
1206,13,127,65,40,2026-09-14
1207,13,2,161,16,2026-09-19
1208,13,139,115,31,2026-08-30
1209,13,11,66,33,2026-09-19
1210,13,124,92,45,2026-09-14
1211,13,96,142,26,2026-08-31
1212,13,81,88,11,2026-08-29
1213,13,145,105,17,2026-08-28
1214,13,71,89,48,2026-09-13
1215,13,126,50,46,2026-09-20
1216,13,47,147,44,2026-08-26
1217,13,131,44,28,2026-09-03
1218,13,72,90,30,2026-09-11
1219,13,102,172,42,2026-08-27
1220,13,57,124,38,2026-09-12
1221,13,33,20,34,2026-09-17
1222,13,14,157,28,2026-09-04
1223,13,109,118,50,2026-09-11
1224,13,62,37,20,2026-09-14
1225,13,121,163,31,2026-08-26
1226,13,70,107,50,2026-09-03
1227,13,5,156,46,2026-09-24
1228,13,65,103,14,2026-09-11
1229,13,45,20,20,2026-09-11
1230,13,51,87,24,2026-09-18
1231,13,111,80,30,2026-08-27
1232,13,88,167,28,2026-09-04
1233,13,100,181,27,2026-09-23
1234,13,23,154,35,2026-08-26
1235,13,59,69,38,2026-09-05
1236,13,16,199,33,2026-09-03
1237,13,90,191,47,2026-09-06
1238,13,67,133,38,2026-08-31
1239,13,116,105,20,2026-09-17
1240,13,41,47,11,2026-09-16
1241,13,89,32,25,2026-09-24
1242,13,144,169,26,2026-09-16
1243,13,128,190,15,2026-08-28
1244,13,87,53,20,2026-09-07
1245,13,27,101,16,2026-09-17
1246,13,49,24,14,2026-08-29
1247,13,75,121,45,2026-09-19
1248,13,13,13,11,2026-08-30
1249,13,42,197,35,2026-09-12
1250,13,135,134,15,2026-09-06
1251,13,79,26,26,2026-09-12
1252,13,34,158,19,2026-09-20
1253,13,24,21,34,2026-09-03
1254,13,137,79,24,2026-08-30
1255,13,99,63,28,2026-09-08
1256,13,147,113,50,2026-09-21
1257,13,35,32,18,2026-08-28
1258,13,61,134,20,2026-09-16
1259,13,118,7,12,2026-09-21
1260,13,44,169,32,2026-09-19
1261,13,101,83,40,2026-09-14
1262,13,98,119,44,2026-09-18
1263,13,64,69,45,2026-08-30
1264,13,55,113,18,2026-09-23
1265,13,106,178,44,2026-09-10
1266,13,54,45,47,2026-09-16
1267,13,48,152,39,2026-09-14
1268,13,114,161,50,2026-09-22
1269,13,52,144,37,2026-09-05
1270,13,36,134,50,2026-09-18
1271,13,58,163,44,2026-09-05
1272,13,110,79,32,2026-09-05
1273,13,74,123,44,2026-09-20
1274,13,17,58,15,2026-09-07
1275,13,78,113,29,2026-09-21
1276,13,30,93,36,2026-09-18
1277,13,103,66,19,2026-09-06
1278,13,94,77,10,2026-09-01
1279,13,95,0,43,2026-09-13
1280,13,56,194,18,2026-08-28
1281,13,105,88,28,2026-08-30
1282,13,26,120,44,2026-09-13
1283,13,19,2,41,2026-09-09
1284,13,20,193,40,2026-09-19
1285,13,93,76,10,2026-08-30
1286,13,108,196,37,2026-09-21
1287,13,117,74,48,2026-09-11
1288,13,86,59,10,2026-09-24
1289,13,32,140,33,2026-09-18
1290,13,9,48,36,2026-08-28
1291,13,80,143,37,2026-08-28
1292,13,107,101,25,2026-09-04
1293,13,120,41,34,2026-09-23
1294,13,140,96,24,2026-08-30
1295,13,73,67,15,2026-09-03
1296,13,83,108,50,2026-09-05
1297,13,146,61,43,2026-08-28
1298,13,136,195,49,2026-08-31
1299,13,138,177,27,2026-09-18
1300,13,113,72,44,2026-09-02
1301,14,69,62,10,2026-09-09
1302,14,106,10,47,2026-09-02
1303,14,49,200,40,2026-09-21
1304,14,18,176,48,2026-09-14
1305,14,47,39,33,2026-08-30
1306,14,35,197,15,2026-08-29
1307,14,75,63,20,2026-09-12
1308,14,29,127,15,2026-08-27
1309,14,117,175,49,2026-09-20
1310,14,116,86,50,2026-09-07
1311,14,70,15,13,2026-09-20
1312,14,126,91,19,2026-09-22
1313,14,148,179,44,2026-08-29
1314,14,83,27,18,2026-09-06
1315,14,5,124,24,2026-09-20
1316,14,39,81,45,2026-09-23
1317,14,13,165,32,2026-09-06
1318,14,6,112,22,2026-09-15
1319,14,48,5,34,2026-09-10
1320,14,27,91,18,2026-09-02
1321,14,73,64,12,2026-09-21
1322,14,150,124,38,2026-09-15
1323,14,33,143,28,2026-09-13
1324,14,92,138,41,2026-09-14
1325,14,57,48,46,2026-09-17
1326,14,94,47,44,2026-09-02
1327,14,2,89,30,2026-09-19
1328,14,30,187,39,2026-08-26
1329,14,12,70,48,2026-09-20
1330,14,20,141,20,2026-09-03
1331,14,124,17,43,2026-08-30
1332,14,64,39,38,2026-09-06
1333,14,28,75,26,2026-08-28
1334,14,44,138,33,2026-09-06
1335,14,54,116,10,2026-09-08
1336,14,40,198,50,2026-08-28
1337,14,101,129,34,2026-09-08
1338,14,103,187,21,2026-09-14
1339,14,119,4,49,2026-09-22
1340,14,132,93,49,2026-09-08
1341,14,60,61,30,2026-08-28
1342,14,90,184,14,2026-09-16
1343,14,102,168,44,2026-09-22
1344,14,136,99,22,2026-09-22
1345,14,43,134,41,2026-09-18
1346,14,11,196,45,2026-08-31
1347,14,97,39,49,2026-09-04
1348,14,19,72,30,2026-09-04
1349,14,8,104,30,2026-09-24
1350,14,145,28,16,2026-09-09
1351,14,100,133,14,2026-09-16
1352,14,51,11,18,2026-09-09
1353,14,10,45,12,2026-09-03
1354,14,140,51,16,2026-08-27
1355,14,61,124,22,2026-08-30
1356,14,24,25,12,2026-09-09
1357,14,25,146,34,2026-09-14
1358,14,128,168,41,2026-09-04
1359,14,138,134,49,2026-08-26
1360,14,120,179,47,2026-09-13
1361,14,16,65,13,2026-09-06
1362,14,32,93,24,2026-09-23
1363,14,50,155,14,2026-09-05
1364,14,139,3,23,2026-09-07
1365,14,89,167,41,2026-09-09
1366,14,107,20,39,2026-08-27
1367,14,26,163,13,2026-09-21
1368,14,59,92,45,2026-09-23
1369,14,134,190,36,2026-09-15
1370,14,67,94,13,2026-09-03
1371,14,131,157,27,2026-09-14
1372,14,96,135,12,2026-08-28
1373,14,88,187,14,2026-08-28
1374,14,115,77,14,2026-09-07
1375,14,42,55,43,2026-09-03
1376,14,21,24,16,2026-09-16
1377,14,133,185,24,2026-09-21
1378,14,71,136,34,2026-09-10
1379,14,81,48,22,2026-09-15
1380,14,109,134,25,2026-09-02
1381,14,93,145,50,2026-09-19
1382,14,62,45,45,2026-08-28
1383,14,135,191,45,2026-09-22
1384,14,84,106,16,2026-09-05
1385,14,146,196,50,2026-09-17
1386,14,7,147,32,2026-08-30
1387,14,118,172,39,2026-09-05
1388,14,63,179,37,2026-09-07
1389,14,108,26,20,2026-09-09
1390,14,130,46,45,2026-09-15
1391,14,41,102,42,2026-08-30
1392,14,112,86,20,2026-09-15
1393,14,144,136,48,2026-09-05
1394,14,1,113,32,2026-09-15
1395,14,105,80,45,2026-09-06
1396,14,99,83,33,2026-08-26
1397,14,147,105,50,2026-09-18
1398,14,38,110,30,2026-09-12
1399,14,129,155,25,2026-08-28
1400,14,72,144,44,2026-09-15
1401,15,55,140,35,2026-09-13
1402,15,97,67,15,2026-09-04
1403,15,141,102,42,2026-09-24
1404,15,66,111,18,2026-09-23
1405,15,93,195,18,2026-09-17
1406,15,116,123,45,2026-09-17
1407,15,115,50,41,2026-09-04
1408,15,102,101,46,2026-08-30
1409,15,1,50,45,2026-09-08
1410,15,9,157,43,2026-08-30
1411,15,73,63,25,2026-09-20
1412,15,5,18,27,2026-08-29
1413,15,133,198,37,2026-09-24
1414,15,35,82,46,2026-09-07
1415,15,78,22,17,2026-09-10
1416,15,2,171,36,2026-08-26
1417,15,77,108,33,2026-09-08
1418,15,57,89,22,2026-09-19
1419,15,150,82,32,2026-08-29
1420,15,81,152,11,2026-09-08
1421,15,6,197,29,2026-09-24
1422,15,71,43,32,2026-08-28
1423,15,40,157,38,2026-09-01
1424,15,13,159,19,2026-09-24
1425,15,139,112,12,2026-09-07
1426,15,59,59,22,2026-09-11
1427,15,46,175,33,2026-08-30
1428,15,20,39,15,2026-09-06
1429,15,18,28,13,2026-09-05
1430,15,34,62,49,2026-09-23
1431,15,47,37,28,2026-09-24
1432,15,114,3,31,2026-09-12
1433,15,75,177,17,2026-08-26
1434,15,32,78,38,2026-09-19
1435,15,30,120,11,2026-08-26
1436,15,33,84,23,2026-09-21
1437,15,104,189,44,2026-09-10
1438,15,39,54,23,2026-09-21
1439,15,12,139,43,2026-09-15
1440,15,74,192,26,2026-09-14
1441,15,52,140,40,2026-09-08
1442,15,140,159,19,2026-09-07
1443,15,28,177,11,2026-09-05
1444,15,94,96,47,2026-09-11
1445,15,10,169,43,2026-09-10
1446,15,146,11,26,2026-09-17
1447,15,42,43,13,2026-08-29
1448,15,143,72,22,2026-08-31
1449,15,62,178,49,2026-09-07
1450,15,23,69,13,2026-08-31
1451,15,63,119,10,2026-09-12
1452,15,89,17,34,2026-09-11
1453,15,90,169,27,2026-09-06
1454,15,111,169,33,2026-09-20
1455,15,127,27,11,2026-09-15
1456,15,134,74,34,2026-09-08
1457,15,83,59,34,2026-09-03
1458,15,113,130,16,2026-09-13
1459,15,126,80,41,2026-09-22
1460,15,149,152,44,2026-09-20
1461,15,49,22,21,2026-09-24
1462,15,11,50,42,2026-09-19
1463,15,8,117,45,2026-08-29
1464,15,43,182,11,2026-09-14
1465,15,45,10,25,2026-09-13
1466,15,56,135,29,2026-09-07
1467,15,54,85,41,2026-09-09
1468,15,16,100,20,2026-09-17
1469,15,145,4,32,2026-09-22
1470,15,136,175,32,2026-08-28
1471,15,135,90,50,2026-09-08
1472,15,98,77,25,2026-09-12
1473,15,7,128,27,2026-08-26
1474,15,128,15,50,2026-09-03
1475,15,68,65,34,2026-09-07
1476,15,130,7,45,2026-09-01
1477,15,41,71,24,2026-09-08
1478,15,70,38,31,2026-09-06
1479,15,123,100,18,2026-08-31
1480,15,119,22,34,2026-09-09
1481,15,65,133,49,2026-08-29
1482,15,29,160,24,2026-09-24
1483,15,72,106,25,2026-09-22
1484,15,131,146,19,2026-09-07
1485,15,51,109,29,2026-09-19
1486,15,58,154,31,2026-09-16
1487,15,112,114,44,2026-09-17
1488,15,15,33,23,2026-08-26
1489,15,108,167,18,2026-09-06
1490,15,19,148,44,2026-09-01
1491,15,147,175,22,2026-09-03
1492,15,26,35,29,2026-09-21
1493,15,106,176,43,2026-09-02
1494,15,148,34,37,2026-09-20
1495,15,22,197,19,2026-09-18
1496,15,118,167,46,2026-09-07
1497,15,31,40,30,2026-09-02
1498,15,37,17,45,2026-09-22
1499,15,48,136,17,2026-09-07
1500,15,4,47,30,2026-08-26
1501,16,38,176,43,2026-08-30
1502,16,8,36,39,2026-09-06
1503,16,82,165,38,2026-09-19
1504,16,106,23,42,2026-09-19
1505,16,147,28,21,2026-09-12
1506,16,78,199,47,2026-09-05
1507,16,114,178,44,2026-09-23
1508,16,71,34,35,2026-09-24
1509,16,39,105,30,2026-09-02
1510,16,49,115,11,2026-09-24
1511,16,28,45,39,2026-08-31
1512,16,34,151,22,2026-09-14
1513,16,48,116,15,2026-09-19
1514,16,7,64,30,2026-09-19
1515,16,69,177,20,2026-09-12
1516,16,60,183,17,2026-08-29
1517,16,135,23,17,2026-09-14
1518,16,134,180,38,2026-09-24
1519,16,137,162,33,2026-08-31
1520,16,92,21,43,2026-09-22
1521,16,21,181,34,2026-09-10
1522,16,123,186,42,2026-09-08
1523,16,35,156,20,2026-08-28
1524,16,65,96,45,2026-09-19
1525,16,109,97,12,2026-09-10
1526,16,145,196,20,2026-09-13
1527,16,61,85,46,2026-09-18
1528,16,131,168,19,2026-09-20
1529,16,84,41,19,2026-09-13
1530,16,138,45,13,2026-09-02
1531,16,24,107,29,2026-09-11
1532,16,110,79,38,2026-09-23
1533,16,50,73,50,2026-09-01
1534,16,63,46,17,2026-08-28
1535,16,124,33,22,2026-09-08
1536,16,18,0,49,2026-09-13
1537,16,130,195,26,2026-09-12
1538,16,25,3,39,2026-08-26
1539,16,29,127,41,2026-09-16
1540,16,5,139,10,2026-09-22
1541,16,53,155,41,2026-08-28
1542,16,98,60,23,2026-09-06
1543,16,2,150,40,2026-09-17
1544,16,128,116,36,2026-08-29
1545,16,119,113,15,2026-09-08
1546,16,112,153,48,2026-09-13
1547,16,96,1,25,2026-09-05
1548,16,86,140,27,2026-09-02
1549,16,26,158,50,2026-09-21
1550,16,97,142,23,2026-09-03
1551,16,27,12,21,2026-09-11
1552,16,9,37,13,2026-09-02
1553,16,23,167,32,2026-09-18
1554,16,57,9,19,2026-09-18
1555,16,79,8,46,2026-09-18
1556,16,117,154,29,2026-09-14
1557,16,89,84,15,2026-09-03
1558,16,42,12,16,2026-09-23
1559,16,59,106,21,2026-09-13
1560,16,32,41,28,2026-09-14
1561,16,55,156,48,2026-09-12
1562,16,52,146,45,2026-08-29
1563,16,6,45,39,2026-09-08
1564,16,125,191,47,2026-09-12
1565,16,141,92,12,2026-08-29
1566,16,41,23,29,2026-09-03
1567,16,51,82,33,2026-09-21
1568,16,104,97,14,2026-08-28
1569,16,74,194,37,2026-09-09
1570,16,77,140,14,2026-09-05
1571,16,136,74,40,2026-09-20
1572,16,68,34,17,2026-09-06
1573,16,111,177,27,2026-09-09
1574,16,67,84,43,2026-08-26
1575,16,14,105,43,2026-08-28
1576,16,58,53,23,2026-09-23
1577,16,129,156,13,2026-08-28
1578,16,88,27,46,2026-09-15
1579,16,91,186,50,2026-09-06
1580,16,81,135,15,2026-09-04
1581,16,80,123,48,2026-09-22
1582,16,122,180,28,2026-09-19
1583,16,73,109,48,2026-08-31
1584,16,118,81,26,2026-08-26
1585,16,132,134,46,2026-08-31
1586,16,113,159,32,2026-09-12
1587,16,150,33,49,2026-09-13
1588,16,105,144,41,2026-08-26
1589,16,102,133,50,2026-09-24
1590,16,101,127,41,2026-09-24
1591,16,20,46,49,2026-09-09
1592,16,143,59,28,2026-09-13
1593,16,146,49,10,2026-09-11
1594,16,19,30,11,2026-08-30
1595,16,30,119,50,2026-09-17
1596,16,11,30,23,2026-09-22
1597,16,140,157,36,2026-08-31
1598,16,116,105,12,2026-08-26
1599,16,40,85,32,2026-08-26
1600,16,4,143,50,2026-09-10
1601,17,55,48,31,2026-08-30
1602,17,3,123,43,2026-09-21
1603,17,52,79,30,2026-08-29
1604,17,73,36,16,2026-09-01
1605,17,66,132,18,2026-09-04
1606,17,18,52,12,2026-09-01
1607,17,79,117,34,2026-09-16
1608,17,77,182,43,2026-09-23
1609,17,130,29,10,2026-09-03
1610,17,141,79,12,2026-09-09
1611,17,83,175,48,2026-09-23
1612,17,2,22,31,2026-09-05
1613,17,30,119,12,2026-09-11
1614,17,86,26,43,2026-09-03
1615,17,88,196,29,2026-09-17
1616,17,102,5,46,2026-09-09
1617,17,8,194,29,2026-09-10
1618,17,45,163,23,2026-09-06
1619,17,50,82,22,2026-08-31
1620,17,85,49,28,2026-08-31
1621,17,87,70,44,2026-09-15
1622,17,123,81,38,2026-09-21
1623,17,122,171,17,2026-09-03
1624,17,103,69,19,2026-09-06
1625,17,5,40,27,2026-09-12
1626,17,140,29,10,2026-09-17
1627,17,145,159,45,2026-09-04
1628,17,62,131,16,2026-09-18
1629,17,20,52,44,2026-09-23
1630,17,81,89,45,2026-09-09
1631,17,59,81,27,2026-09-21
1632,17,115,36,28,2026-09-07
1633,17,111,146,25,2026-09-17
1634,17,69,43,14,2026-09-19
1635,17,119,79,49,2026-09-13
1636,17,43,86,44,2026-09-13
1637,17,60,113,13,2026-09-07
1638,17,101,33,11,2026-09-12
1639,17,105,120,13,2026-09-06
1640,17,53,27,34,2026-09-13
1641,17,96,13,15,2026-08-27
1642,17,134,109,35,2026-08-31
1643,17,107,45,48,2026-08-27
1644,17,67,151,50,2026-09-10
1645,17,39,176,38,2026-09-12
1646,17,147,157,32,2026-09-03
1647,17,93,79,31,2026-09-19
1648,17,142,50,44,2026-09-14
1649,17,41,20,39,2026-09-23
1650,17,72,145,18,2026-09-05
1651,17,117,23,39,2026-08-26
1652,17,149,24,39,2026-08-31
1653,17,27,79,39,2026-09-04
1654,17,74,120,24,2026-09-18
1655,17,136,57,19,2026-09-05
1656,17,116,157,26,2026-08-28
1657,17,46,93,35,2026-09-14
1658,17,9,46,31,2026-09-06
1659,17,128,83,39,2026-09-18
1660,17,36,124,11,2026-08-29
1661,17,4,16,40,2026-09-04
1662,17,44,28,32,2026-08-26
1663,17,49,122,39,2026-09-04
1664,17,121,43,28,2026-09-08
1665,17,100,196,32,2026-09-18
1666,17,22,154,46,2026-09-21
1667,17,97,32,42,2026-09-11
1668,17,78,26,35,2026-09-06
1669,17,132,182,16,2026-09-13
1670,17,24,83,45,2026-09-10
1671,17,143,166,14,2026-08-29
1672,17,15,77,44,2026-09-03
1673,17,40,118,35,2026-09-13
1674,17,135,151,36,2026-09-21
1675,17,126,61,49,2026-09-20
1676,17,35,62,45,2026-08-28
1677,17,118,40,40,2026-09-21
1678,17,12,98,14,2026-09-07
1679,17,64,87,23,2026-09-17
1680,17,31,177,47,2026-09-04
1681,17,48,110,37,2026-09-04
1682,17,58,145,31,2026-08-31
1683,17,106,139,25,2026-09-19
1684,17,28,44,14,2026-09-09
1685,17,68,189,46,2026-09-24
1686,17,23,124,17,2026-09-07
1687,17,144,151,48,2026-08-29
1688,17,127,118,30,2026-08-31
1689,17,51,142,16,2026-09-04
1690,17,99,113,21,2026-09-06
1691,17,82,78,35,2026-09-12
1692,17,13,17,48,2026-09-03
1693,17,6,27,48,2026-09-14
1694,17,29,197,34,2026-09-20
1695,17,33,83,41,2026-09-24
1696,17,139,165,13,2026-09-22
1697,17,148,23,23,2026-09-03
1698,17,71,35,47,2026-09-20
1699,17,56,193,50,2026-09-07
1700,17,10,0,19,2026-09-21
1701,18,39,123,33,2026-09-22
1702,18,116,28,47,2026-08-27
1703,18,137,123,15,2026-09-14
1704,18,75,36,43,2026-08-28
1705,18,100,192,27,2026-08-28
1706,18,115,119,43,2026-09-19
1707,18,51,20,43,2026-09-16
1708,18,53,156,15,2026-09-03
1709,18,82,62,40,2026-09-17
1710,18,77,161,14,2026-09-07
1711,18,78,175,50,2026-09-11
1712,18,112,138,47,2026-09-04
1713,18,89,79,49,2026-09-13
1714,18,23,13,31,2026-09-06
1715,18,3,136,10,2026-09-15
1716,18,131,120,39,2026-09-08
1717,18,104,131,40,2026-09-20
1718,18,33,146,31,2026-09-24
1719,18,76,107,32,2026-08-29
1720,18,16,75,28,2026-09-06
1721,18,95,42,12,2026-09-13
1722,18,14,177,48,2026-08-26
1723,18,1,191,29,2026-08-27
1724,18,91,186,46,2026-08-26
1725,18,72,66,13,2026-08-29
1726,18,106,161,40,2026-09-04
1727,18,46,148,20,2026-09-15
1728,18,15,146,13,2026-09-08
1729,18,111,168,28,2026-08-31
1730,18,37,188,49,2026-08-31
1731,18,122,6,28,2026-09-22
1732,18,4,124,15,2026-09-06
1733,18,31,32,42,2026-09-22
1734,18,56,19,27,2026-09-24
1735,18,90,64,18,2026-09-23
1736,18,132,157,27,2026-09-21
1737,18,144,70,26,2026-09-02
1738,18,81,3,17,2026-09-18
1739,18,41,154,21,2026-08-29
1740,18,92,151,19,2026-09-23
1741,18,49,168,38,2026-08-28
1742,18,52,94,21,2026-09-04
1743,18,110,66,25,2026-09-13
1744,18,117,124,21,2026-09-19
1745,18,70,135,12,2026-09-03
1746,18,28,87,15,2026-08-31
1747,18,85,37,48,2026-08-30
1748,18,148,39,41,2026-09-08
1749,18,61,192,36,2026-08-29
1750,18,18,197,34,2026-09-20
1751,18,25,60,38,2026-09-17
1752,18,126,185,50,2026-09-21
1753,18,50,42,23,2026-09-23
1754,18,47,147,32,2026-09-07
1755,18,54,13,26,2026-09-08
1756,18,20,193,17,2026-08-29
1757,18,121,13,20,2026-09-10
1758,18,86,118,35,2026-09-12
1759,18,17,121,29,2026-09-14
1760,18,101,121,44,2026-09-24
1761,18,2,59,34,2026-09-04
1762,18,10,174,34,2026-09-16
1763,18,83,121,26,2026-09-01
1764,18,136,37,43,2026-09-02
1765,18,19,111,10,2026-09-03
1766,18,63,73,38,2026-08-28
1767,18,107,97,30,2026-09-11
1768,18,127,135,12,2026-09-21
1769,18,11,24,44,2026-09-14
1770,18,88,163,32,2026-09-17
1771,18,96,110,49,2026-09-01
1772,18,59,166,27,2026-08-28
1773,18,140,85,27,2026-09-24
1774,18,55,68,16,2026-08-27
1775,18,24,65,47,2026-08-26
1776,18,79,100,39,2026-09-01
1777,18,66,197,25,2026-09-19
1778,18,141,187,47,2026-08-31
1779,18,71,197,22,2026-08-29
1780,18,58,133,31,2026-09-01
1781,18,98,173,21,2026-09-12
1782,18,124,80,45,2026-09-10
1783,18,29,2,10,2026-09-20
1784,18,145,17,10,2026-09-17
1785,18,73,105,16,2026-09-04
1786,18,128,134,16,2026-09-08
1787,18,64,175,38,2026-08-30
1788,18,74,89,24,2026-09-10
1789,18,97,185,28,2026-09-22
1790,18,135,64,22,2026-09-01
1791,18,69,8,11,2026-09-05
1792,18,133,158,15,2026-09-24
1793,18,113,14,48,2026-09-21
1794,18,27,168,23,2026-09-10
1795,18,35,153,50,2026-09-18
1796,18,94,31,17,2026-08-31
1797,18,67,22,48,2026-09-03
1798,18,87,33,34,2026-08-30
1799,18,143,168,46,2026-09-04
1800,18,134,47,17,2026-09-21
1801,19,48,10,34,2026-09-14
1802,19,65,169,22,2026-08-30
1803,19,76,76,34,2026-09-21
1804,19,120,27,50,2026-09-17
1805,19,20,176,32,2026-09-02
1806,19,117,124,15,2026-09-21
1807,19,71,161,38,2026-08-31
1808,19,110,188,22,2026-08-26
1809,19,83,35,12,2026-09-14
1810,19,66,49,11,2026-09-08
1811,19,42,184,47,2026-09-02
1812,19,19,61,41,2026-09-22
1813,19,144,99,14,2026-08-28
1814,19,16,138,29,2026-09-07
1815,19,98,127,44,2026-08-30
1816,19,100,115,11,2026-09-10
1817,19,86,9,31,2026-09-10
1818,19,137,14,31,2026-08-27
1819,19,67,184,12,2026-09-03
1820,19,68,103,17,2026-08-28
1821,19,46,54,43,2026-09-14
1822,19,113,117,44,2026-09-16
1823,19,18,38,47,2026-09-07
1824,19,63,59,14,2026-09-03
1825,19,126,9,19,2026-09-07
1826,19,119,125,11,2026-09-12
1827,19,26,120,49,2026-09-10
1828,19,79,11,25,2026-09-09
1829,19,51,179,18,2026-09-08
1830,19,23,3,21,2026-09-15
1831,19,142,161,13,2026-09-14
1832,19,127,78,16,2026-09-23
1833,19,14,116,49,2026-09-01
1834,19,139,43,47,2026-08-27
1835,19,70,16,16,2026-08-27
1836,19,99,29,41,2026-09-02
1837,19,56,152,49,2026-08-27
1838,19,28,56,14,2026-08-29
1839,19,123,51,37,2026-09-01
1840,19,147,86,35,2026-09-13
1841,19,118,83,17,2026-09-16
1842,19,57,175,46,2026-09-06
1843,19,92,139,18,2026-08-29
1844,19,34,82,23,2026-09-17
1845,19,143,195,12,2026-09-21
1846,19,5,151,21,2026-09-03
1847,19,10,85,14,2026-09-01
1848,19,104,30,27,2026-09-18
1849,19,74,36,36,2026-09-05
1850,19,94,43,33,2026-09-03
1851,19,33,141,20,2026-09-12
1852,19,58,112,25,2026-09-17
1853,19,3,148,12,2026-08-28
1854,19,64,34,16,2026-09-10
1855,19,146,161,49,2026-09-16
1856,19,84,96,20,2026-09-09
1857,19,82,4,41,2026-09-04
1858,19,1,20,10,2026-09-22
1859,19,105,1,21,2026-09-02
1860,19,134,22,47,2026-09-04
1861,19,50,72,36,2026-08-28
1862,19,35,177,40,2026-08-31
1863,19,96,177,18,2026-09-21
1864,19,43,52,19,2026-08-30
1865,19,122,163,27,2026-08-26
1866,19,102,133,38,2026-09-09
1867,19,93,105,25,2026-09-05
1868,19,141,44,49,2026-08-31
1869,19,125,177,12,2026-09-02
1870,19,62,152,21,2026-08-28
1871,19,114,183,41,2026-09-15
1872,19,52,156,15,2026-09-20
1873,19,9,160,29,2026-09-12
1874,19,116,89,36,2026-09-24
1875,19,29,1,45,2026-09-12
1876,19,95,60,22,2026-09-09
1877,19,90,30,43,2026-09-02
1878,19,81,24,49,2026-08-29
1879,19,133,92,44,2026-09-19
1880,19,69,129,24,2026-09-12
1881,19,130,118,50,2026-09-24
1882,19,87,168,23,2026-09-20
1883,19,39,70,13,2026-09-10
1884,19,112,49,17,2026-08-31
1885,19,8,38,40,2026-08-30
1886,19,12,127,21,2026-08-28
1887,19,47,40,12,2026-09-04
1888,19,89,13,33,2026-09-17
1889,19,55,72,23,2026-09-08
1890,19,22,111,26,2026-09-17
1891,19,6,85,49,2026-09-24
1892,19,54,194,39,2026-09-02
1893,19,30,11,16,2026-09-09
1894,19,49,189,13,2026-09-05
1895,19,85,137,21,2026-08-26
1896,19,145,40,11,2026-09-05
1897,19,140,124,42,2026-09-16
1898,19,13,29,14,2026-09-21
1899,19,149,60,38,2026-09-18
1900,19,36,151,47,2026-09-20
1901,20,84,187,36,2026-09-22
1902,20,108,55,18,2026-09-12
1903,20,51,91,28,2026-08-29
1904,20,150,61,15,2026-09-15
1905,20,59,4,40,2026-09-16
1906,20,29,171,29,2026-08-26
1907,20,147,41,39,2026-09-24
1908,20,146,146,47,2026-09-20
1909,20,26,6,39,2026-09-14
1910,20,61,118,18,2026-08-30
1911,20,106,180,35,2026-09-09
1912,20,52,47,33,2026-09-02
1913,20,97,160,39,2026-09-17
1914,20,57,180,50,2026-09-24
1915,20,19,0,50,2026-09-05
1916,20,121,18,34,2026-09-17
1917,20,125,176,31,2026-08-31
1918,20,14,135,12,2026-09-23
1919,20,112,75,37,2026-09-14
1920,20,38,192,27,2026-09-23
1921,20,56,178,49,2026-09-21
1922,20,117,138,46,2026-09-15
1923,20,46,53,15,2026-09-21
1924,20,50,158,31,2026-09-08
1925,20,48,188,13,2026-09-23
1926,20,18,131,33,2026-09-10
1927,20,143,13,17,2026-09-02
1928,20,93,98,33,2026-09-15
1929,20,25,119,49,2026-09-21
1930,20,81,10,33,2026-09-06
1931,20,128,93,21,2026-09-07
1932,20,35,165,45,2026-09-24
1933,20,142,180,14,2026-09-04
1934,20,43,143,23,2026-08-27
1935,20,17,35,31,2026-09-10
1936,20,5,61,44,2026-09-05
1937,20,89,29,40,2026-09-13
1938,20,73,188,47,2026-09-08
1939,20,8,179,23,2026-09-08
1940,20,36,192,24,2026-09-24
1941,20,134,82,32,2026-09-18
1942,20,15,68,42,2026-09-03
1943,20,60,174,37,2026-09-24
1944,20,124,70,13,2026-09-09
1945,20,54,16,33,2026-09-15
1946,20,22,88,38,2026-09-08
1947,20,98,124,42,2026-08-30
1948,20,44,134,17,2026-09-24
1949,20,145,120,44,2026-09-13
1950,20,131,173,44,2026-09-14
1951,20,78,74,38,2026-09-04
1952,20,21,158,33,2026-09-03
1953,20,82,172,14,2026-09-18
1954,20,79,48,39,2026-08-26
1955,20,105,22,15,2026-08-27
1956,20,74,100,21,2026-09-03
1957,20,71,73,14,2026-09-12
1958,20,30,27,20,2026-08-27
1959,20,12,70,17,2026-09-04
1960,20,53,178,19,2026-09-07
1961,20,67,127,19,2026-09-14
1962,20,63,52,43,2026-08-26
1963,20,28,160,11,2026-09-02
1964,20,76,75,36,2026-09-05
1965,20,141,174,44,2026-09-03
1966,20,149,33,40,2026-09-20
1967,20,111,88,36,2026-09-14
1968,20,2,113,11,2026-09-18
1969,20,55,74,22,2026-08-30
1970,20,32,16,11,2026-08-28
1971,20,135,59,43,2026-09-03
1972,20,42,165,31,2026-09-24
1973,20,130,105,47,2026-08-31
1974,20,75,87,30,2026-09-12
1975,20,102,124,47,2026-08-28
1976,20,20,170,43,2026-09-01
1977,20,95,140,38,2026-09-09
1978,20,1,117,29,2026-09-05
1979,20,140,145,18,2026-09-19
1980,20,6,78,20,2026-09-14
1981,20,94,66,24,2026-09-07
1982,20,86,123,33,2026-09-24
1983,20,65,73,13,2026-08-28
1984,20,115,37,32,2026-09-02
1985,20,104,72,39,2026-09-04
1986,20,148,42,49,2026-09-04
1987,20,62,41,44,2026-09-11
1988,20,139,73,21,2026-09-15
1989,20,114,44,19,2026-09-04
1990,20,45,41,25,2026-09-12
1991,20,91,29,12,2026-09-15
1992,20,7,81,46,2026-08-31
1993,20,87,32,38,2026-08-30
1994,20,80,66,33,2026-09-11
1995,20,16,47,23,2026-09-04
1996,20,70,143,12,2026-08-28
1997,20,144,170,30,2026-09-11
1998,20,49,88,19,2026-09-13
1999,20,113,95,38,2026-09-11
2000,20,69,138,20,2026-09-06
