Item_ID,Item_Name,Category_ID,Base_Price,Cost,Description,Is_Available
1,Evidence Classic,6,1434.95,564.03,Board its rock finish paper.,1
2,Much Special,5,928.59,678.43,History office effort remember ability.,0
3,Wish Combo,5,2057.66,791.49,Rather vote say culture issue we TV perhaps professional by.,1
4,We Deluxe,4,1197.48,775.58,Medical project for recent never court professor.,1
5,Hundred Platter,10,1572.78,676.37,Past feeling nature a expert involve.,1
6,Particularly Combo,7,917.97,550.6,Pressure let kind degree list top somebody college be middle.,1
7,Property Special,6,1968.51,844.04,Friend stand seem pull different current agency each little sure authority.,1
8,Join Platter,6,1203.09,732.0,Offer responsibility himself hundred challenge reach throughout team those sing despite.,1
9,Summer Classic,6,532.98,199.64,Let newspaper true building card let most next fish sense.,1
10,Level Combo,3,1377.66,524.42,Spring throughout interview trade knowledge city technology late seem style everyone.,1
11,Star Deluxe,10,717.52,334.97,Machine dream key require doctor from throw ball character him.,1
12,Claim Special,9,1083.04,587.65,Ask imagine my indeed deal information.,1
13,West Special,3,1857.8,716.84,Watch affect thing offer local wall fear hope through structure.,1
14,Nothing Combo,10,651.07,466.62,Son today major event magazine home protect something right subject.,0
15,Wide Platter,2,-1.0,546.84,Wonder move trade option production base.,1
16,Later Deluxe,2,939.77,552.73,Term consider employee force lawyer front.,1
17,Until Deluxe,9,-1.0,268.62,Everything week instead strong like see appear weight.,1
18,Door Deluxe,9,774.71,530.76,Sit prepare senior wear current.,1
19,Again Classic,9,646.69,264.63,Charge call prove nor design record short cold parent security boy.,1
20,Tell Platter,6,1218.14,599.21,Who blue agent find quality when.,1
21,Industry Platter,4,1362.78,773.75,Away real physical big significant sure.,1
22,Plan Combo,2,1228.79,860.21,Someone not American mouth product attention.,0
23,Raise Combo,9,818.05,549.53,Actually information majority item gun through least check.,1
24,Control Special,9,1206.07,545.76,Whole establish space Mrs low itself room environmental system store.,1
25,Before Combo,6,1581.35,667.4,Think during let particular her agreement surface.,1
26,Court Special,2,797.32,538.18,Deep something future they red everybody act way beat.,1
27,Service Special,1,972.68,591.23,Major serve real position make society behavior develop.,1
28,Role Platter,6,1024.39,623.33,Fill ok list most international second former.,1
29,Scientist Special,9,756.69,328.5,Even edge building court build movie several continue describe.,1
30,Member Combo,4,1836.62,851.64,Right with modern executive beyond create dinner.,1
31,Country Platter,7,1198.12,755.62,Add move ever window network recently call.,1
32,Trouble Platter,2,1189.71,458.33,Bill activity expect long future whole education technology box.,1
33,Attention Platter,4,1741.02,696.16,Man officer rather charge specific we be easy.,1
34,Open Special,5,833.99,552.21,Paper so difficult mission late kind team wrong figure.,1
35,Pressure Classic,2,1138.74,805.86,Participant science way debate decision.,1
36,Recent Platter,4,2297.26,899.46,Church community avoid able late.,1
37,Phone Combo,1,833.37,514.23,Fact discuss religious reflect law reach under skin person.,1
38,Recently Combo,5,285.9,151.62,Interesting name positive training step author.,1
39,Company Classic,8,2424.41,867.99,Organization station TV keep light fight I.,1
40,Expert Classic,9,1025.6,372.53,Music just our threat same page ago director purpose.,1
41,Traditional Combo,9,529.73,385.2,Onto again share start office several compare million kind everything.,1
42,Pay Classic,2,759.63,548.34,Play man before girl four prove tax form really.,1
43,Fight Special,7,282.34,201.39,Spend nearly lawyer fire follow wife identify method.,1
44,Ability Classic,1,1365.04,817.72,Left approach million performance material kind appear environment capital explain.,1
45,Up Classic,6,1010.35,464.42,Building win participant dream citizen nearly need behavior yeah.,1
46,While Special,5,719.86,303.19,Left brother strategy marriage respond.,1
47,Mr Deluxe,2,1144.09,653.77,Indeed lot line lead certain course out.,1
48,Skin Platter,2,1320.73,615.87,Tell everybody so increase various meet.,1
49,Tend Deluxe,2,793.42,529.41,Executive fear only your.,1
50,Might Classic,5,656.37,427.15,Land machine forward several help usually.,1
51,True Platter,9,2031.02,890.42,Wonder draw him task improve fish.,1
52,Material Special,5,1753.79,647.54,History professional star wonder manager already maybe opportunity.,1
53,Black Deluxe,5,490.46,230.28,Between treat address century that wide avoid sit enter.,1
54,Price Deluxe,9,1104.85,688.21,Power system system teacher here first responsibility service.,1
55,Turn Platter,7,2129.83,829.0,Along attention piece TV young section its better plant their.,1
56,Life Special,5,329.59,183.07,Really tough animal someone fall hear.,1
57,Child Classic,1,1135.34,481.38,Most not society color bad that people.,1
58,Effect Special,9,2006.59,858.79,Tree central leave effect effort act source top quality.,1
59,Coach Combo,3,908.8,426.91,Kid generation onto police interesting.,1
60,Enough Platter,6,1143.27,423.49,Suddenly current his low down occur offer yeah far.,1
61,Themselves Classic,7,490.28,337.15,Ever not rate seat any paper market tough.,0
62,Few Special,3,1914.61,712.11,Parent good PM per question return process.,0
63,This Platter,3,1987.78,758.08,Pick tough position final kid often.,1
64,Sign Special,5,1076.17,399.14,Bed far section compare car much.,1
65,History Platter,8,1266.62,675.96,Maybe evening clearly trial want whose far that sound life.,1
66,Bag Deluxe,4,1517.6,762.44,Senior difficult put purpose however suffer.,1
67,Onto Deluxe,2,1224.05,645.02,Bed house enough buy happy see energy herself.,0
68,Pull Combo,9,812.91,359.34,Board doctor agent this no trip determine as.,1
69,Than Deluxe,3,446.48,170.7,Travel few impact cause watch fight manage best thought.,1
70,Central Classic,7,1204.9,887.66,Law provide sea watch industry score choice increase.,1
71,Bit Classic,2,1446.05,739.82,Past voice evidence real describe know door guy wonder.,1
72,Hold Combo,1,979.71,582.44,Top population art every why we station begin deep police.,1
73,Against Special,6,1759.09,754.88,Skill during call north attention.,1
74,Southern Classic,6,2310.25,861.66,Debate democratic thank forget challenge too able teach certain candidate.,1
75,Success Classic,5,645.21,243.47,Body term capital group small open.,1
76,Admit Classic,3,-1.0,394.64,Enter camera inside box as large.,1
77,High Special,10,1212.24,648.7,Order later develop past road training probably feeling poor all.,1
78,Measure Deluxe,5,1159.4,454.56,International blue Republican kitchen tonight focus chance call.,1
79,Probably Deluxe,8,1633.89,739.32,Nature foot yes most law painting between reduce table prepare.,1
80,Specific Special,2,1357.28,656.72,Result Democrat later direction fund law indeed believe interview professor.,1
81,House Platter,4,1444.08,647.89,Rather listen before be it season.,1
82,Hotel Platter,1,509.15,318.48,News only no form business government.,1
83,Reduce Platter,8,1303.65,506.35,Test return why outside goal official defense prevent difference.,1
84,Box Combo,8,990.52,622.32,Suddenly happen several off southern suddenly window stand.,1
85,Positive Platter,7,607.76,260.68,Ago upon stop environment Congress reflect finally fund accept thank.,1
86,Others Combo,1,1765.12,753.08,Attorney scientist will begin most heavy law church.,1
87,Forget Special,8,1242.1,838.1,Since nothing be apply church pay purpose evening.,1
88,Language Combo,10,1953.95,890.92,Parent increase democratic mention generation book question or money.,1
89,Foot Classic,8,1588.99,819.02,Determine worker area daughter war.,1
90,Speak Deluxe,4,1423.98,707.74,Share face build market issue can.,1
91,No Combo,4,882.96,357.98,Matter street south author technology amount affect.,1
92,Will Deluxe,6,359.74,208.11,Television office of remember individual.,1
93,Building Special,7,836.86,555.11,Again foot soon peace story turn because such.,1
94,Either Combo,6,949.25,679.81,Open model how financial fund four collection member box.,1
95,Mrs Combo,7,743.66,461.83,Town glass road standard spring door.,1
96,Establish Classic,7,1377.99,588.06,Community check service away week physical.,1
97,Majority Combo,7,1498.07,857.06,Service large under north play person ten physical character attention.,1
98,Letter Special,8,1752.31,700.98,Field ever argue medical financial later arm story baby ten talk.,1
99,Possible Deluxe,7,-1.0,476.88,Medical leg never social time last special prepare focus little.,1
100,City Classic,9,2090.88,780.38,Late specific study word base.,1
101,Race Platter,2,956.35,445.52,Always remain yard model particular hair.,1
102,Whose Platter,5,501.66,251.77,Hold simple quickly appear piece free form.,1
103,Resource Combo,5,552.75,308.75,Exist rich prevent trade their four old center.,1
104,Hard Platter,8,1298.99,773.94,Whose recognize hot organization visit finally heavy.,1
105,Strong Deluxe,4,1552.69,554.56,Spend prove stock school rate money position interest.,1
106,Affect Platter,4,1676.15,735.92,Final week game she court yourself choice fast.,1
107,Story Special,8,252.66,165.29,Medical music school money product.,1
108,Under Deluxe,6,932.21,572.98,Capital heavy class story side speak close join improve put down.,1
109,Popular Platter,3,1466.31,605.44,Sell six doctor dream whole six tough.,0
110,Daughter Deluxe,10,309.29,231.07,Question now key show sing me industry class.,1
111,Decision Special,2,1646.04,868.63,Catch economic political them never bill suffer surface expect several.,1
112,Explain Deluxe,10,1286.37,772.93,Town challenge join watch develop later glass ago apply.,1
113,Morning Platter,6,1605.59,747.17,Dog yes heart agreement us stuff practice social.,1
114,Certain Deluxe,1,906.82,646.14,Expert stop receive catch relationship.,1
115,List Deluxe,8,1118.16,766.75,Accept bad eight strong nature road month book explain feeling answer.,1
116,Kind Deluxe,10,1144.22,476.62,Lead book toward others administration middle drop century investment pass drive.,1
117,Keep Combo,10,1121.24,553.63,Professor beat window attack moment medical.,1
118,Movement Platter,5,2008.31,788.78,After them analysis hit health section ground attack drop price.,1
119,Body Classic,7,664.82,332.9,Same forward and national spend compare single let receive place.,1
120,Talk Combo,4,930.82,520.73,As simply leader fall analysis current.,1
121,Analysis Classic,5,591.09,343.76,Value middle writer myself education send course ground.,1
122,Statement Special,7,852.74,537.47,Tend forward buy happy threat.,1
123,Six Combo,8,1678.63,718.62,Thus hit wind many marriage under mind song risk.,1
124,Bar Special,5,358.78,219.79,Own state nation fly bag produce fill owner international.,1
125,Road Deluxe,7,909.11,426.77,Goal amount thank good your ever woman way avoid.,0
126,Public Combo,5,1028.62,562.79,Guy song quickly well central parent sit alone.,1
127,Audience Deluxe,2,769.12,322.9,Sing hand him note painting quickly we.,1
128,Hot Special,4,2015.69,863.16,Several off morning huge power economic box save material.,1
129,Impact Classic,10,780.63,357.37,Brother simple region Democrat partner really your customer career available.,1
130,Consider Special,6,358.64,225.39,Young specific whose worry property remember nearly face feel.,1
131,Seek Deluxe,1,337.47,160.61,Soldier meeting building cut catch so.,0
132,Agree Special,8,-1.0,565.02,Network hard sound necessary partner beat finally yourself.,1
133,Serve Combo,8,274.86,159.2,Moment shoulder statement available win politics last quite general.,1
134,Unit Combo,2,1467.4,874.12,Policy consider whom item treat area buy check clearly follow.,1
135,Security Platter,3,635.75,450.53,Generation wait thus suffer economy play nearly.,1
136,Car Special,2,1004.52,572.13,Field move maybe collection walk child probably result painting successful nor.,1
137,That Classic,4,1014.0,462.13,Ball we side enough decision.,1
138,Owner Deluxe,10,1159.04,435.28,Peace air threat nation politics few each southern image.,0
139,Long Classic,2,845.84,379.04,Read citizen indeed less future.,1
140,Charge Platter,3,494.4,305.84,Technology floor write generation human set middle blood.,1
141,Effort Combo,8,865.61,563.99,Business last cell anything war ten industry while total.,1
142,Teach Deluxe,5,677.76,502.43,Value return couple city you level these market.,1
143,Believe Deluxe,10,1143.44,490.52,Measure whom Democrat good anything manager think pressure.,1
144,Many Classic,4,1647.54,850.25,Mr suggest issue think road shake hand.,1
145,Institution Platter,1,2111.48,831.31,Now crime network available mean.,1
146,South Classic,5,922.63,380.71,Evidence writer quite budget window hour some fund voice sense.,1
147,Decide Combo,5,880.74,501.52,Meeting matter and case four listen lead paper middle foreign.,1
148,Position Platter,7,739.24,520.35,Class wrong school federal from stock mother remember.,1
149,Firm Special,10,807.01,602.79,Staff happy purpose woman on someone rise read ago.,1
150,Matter Deluxe,10,405.15,165.56,Whose situation simply officer return on color.,1
