Location_ID,Location_Name,City,Address,Opening_Date
1,"Rodriguez, Figueroa and Sanchez - Lahore",Karachi,"819 Johnson Course, East William, AK 74064",2024-04-29
2,"Miles, Barnes and Cole - Rawalpindi",Faisalabad,"65423 Garcia Light, West Melanieview, AS 06196",2025-12-02
3,"Martinez, Nielsen and Miller - Faisalabad",Islamabad,"310 Kendra Common Apt. 164, Reidstad, GA 49021",2024-10-18
4,"Adams, Zuniga and Wong - Lahore",Lahore,"327 Nelson Route, Lake Mark, WI 07832",2024-06-01
5,Trujillo Group - Peshawar,Karachi,"537 Wilkerson Row, Thomasberg, IA 98148",2025-05-31
6,Burgess-Patterson - Karachi,Lahore,"28710 Eric Estate Suite 916, Carlsonmouth, NC 33454",2026-08-23
7,Frazier Inc - Faisalabad,Faisalabad,"514 Moore Alley Suite 828, Port Colleenhaven, PA 26572",2024-03-10
8,Ryan PLC - Karachi,Faisalabad,"PSC 9570, Box 1543, APO AE 32072",2026-05-13
9,Miller Group - Peshawar,Faisalabad,"78248 Brandt Plains, Lake Larry, TN 85681",2024-11-06
10,"Hayes, Wright and Brown - Quetta",Rawalpindi,"301 Jeremy Bypass, Chadbury, KY 88185",2025-03-09
11,"Anderson, Walls and Duncan - Karachi",Islamabad,"3116 Henderson Mountain Apt. 106, Laurenville, IA 25613",2024-04-20
12,Taylor-White - Peshawar,Multan,"8108 Tanya Terrace, East Richard, NJ 28517",2026-04-28
13,Martin Inc - Rawalpindi,Islamabad,"Unit 4746 Box 8723, DPO AA 29035",2026-08-20
14,"Fitzgerald, Brown and Edwards - Faisalabad",Multan,"820 Melissa Cliff Apt. 361, New Brooke, RI 11246",2024-12-27
15,"Cunningham, Stewart and Green - Lahore",Lahore,"46247 Hickman Cliffs Apt. 799, North Amandahaven, KS 17862",2026-07-12
16,Suarez LLC - Peshawar,Lahore,"498 Elizabeth Plaza Suite 124, North Juliaberg, KY 37431",2025-07-18
17,"Cooper, Watts and Farrell - Multan",Multan,"16400 Wise Route Suite 278, Hoffmanville, CA 91074",2026-06-10
18,"Johnson, Wood and Tran - Rawalpindi",Karachi,"5053 Elizabeth Knoll, Dicksonberg, IA 21800",2026-08-28
19,Keith Inc - Quetta,Lahore,"3421 Brennan Walks Suite 337, Kevinbury, IN 03602",2025-09-16
20,Murphy-Lin - Peshawar,Lahore,"Unit 4586 Box 8501, DPO AA 23906",2025-06-21
